dataset,trial_id,block,kernel_common_1,kernel_common_2,kernel_common_3,kernel_midline_1,kernel_midline_2,kernel_midline_3,kernel_lateral_1,kernel_lateral_2,kernel_lateral_3,window_common_50_250,window_common_250_500,window_common_500_750,window_midline_50_250,window_midline_250_500,window_midline_500_750,window_lateral_50_250,window_lateral_250_500,window_lateral_500_750
A1,2,0,-16.069927539557934,-5.161450982667728,4.950115787086972,16.132972083492213,2.4753685131681147,-1.3591352411786966,-3.934993914529156,52.860857528831886,101.65511466793464,-35.21299081781678,-25.150056689135283,11.63683172069862,32.491388905370606,21.33085725349257,-0.5360899038859033,93.52768950005368,165.22766307337224,232.02151304585945
A1,4,0,6.535877686755004,-63.10521262733806,-116.89995485170871,-6.301215110155525,43.250590108624955,82.28875578170118,-1.520448627531951,-11.87517816887865,-16.227651117577917,-99.47018742580586,-195.5372656781328,-262.51278674977533,67.47258516605025,132.29441303054975,186.70925029779144,-25.363491841146256,-35.735190939458704,-35.92118958114567
A1,5,0,5.610404066732205,-40.61799035476099,-80.23503849931353,-3.7313849271181394,25.59499272693043,49.625974010782784,-4.620956073103909,-11.316367632550843,-22.143081460677813,-67.1839608386132,-127.24119670376378,-180.4129524195127,37.735240818641834,79.60576944341499,112.38579399788189,-25.466554766305816,-43.6223004961161,-51.34977270033638
A1,6,0,13.00542606554158,-133.70423825427252,-264.1418972174995,-4.320202737780624,89.51359713973687,174.85641961884556,-0.1750881811653786,16.12776245230294,27.138399406235184,-230.65646622480955,-419.71846758554005,-604.9928391372989,164.42871408743244,285.028954853691,399.7047561604222,25.65803302020666,49.03746689244085,62.14501979556071
A1,7,0,-14.886097455740352,-6.223075346013004,-4.593807309371858,5.234947858056444,5.970172705165823,4.944669682399896,2.9598556927182,6.312389428556534,9.909091921699794,-25.589979928401153,-32.32222842037521,-10.006711180590177,11.61664598723114,21.621216653016834,10.764548392731369,20.612914165215035,21.25417108105828,23.509079176969937
A1,8,0,2.0483154064046523,12.791453203893578,26.15038646054738,1.1905368623614037,-7.483784682418998,-17.655102101864458,2.779251291020084,-10.277167662576497,-21.896305125821637,25.945942468860096,45.838989848359006,59.92668977400426,-14.217753883351392,-25.17365861808054,-40.6083540888571,-16.432388335175418,-30.849768961880766,-50.07583075980192
A1,9,0,3.005397218312791,1.4798671491195583,2.2119429043761,-1.7718544419229931,0.7040428588148249,3.5925001193290496,2.1007293336083963,4.367777887267787,7.888156995801609,8.275542711210297,10.84193885479611,2.1379123577971817,-0.054348104554165014,1.155193301641302,8.898211000722881,11.17150923762055,15.950384999681582,18.36503562713419
A1,10,0,-3.2154950899964496,14.714501831412244,23.109449322942655,-0.3087372616602592,-6.7183939272285595,-14.871146083140529,-0.6747041412287498,-4.469393512586267,-9.563969749353626,7.098920251086078,44.14897482852282,49.874947780364174,-16.63643687099425,-22.725683016952992,-34.36983421122988,-9.715604379165805,-15.250865856050478,-22.96993598177816
A1,11,0,26.031951791957066,-55.35711804227434,-133.30465430769016,-15.106997256849732,38.49178140052673,86.8897047947842,4.8965871766043385,-8.406148409588805,-22.205104204631315,-81.77546482778541,-165.7839502778898,-304.52945122656166,57.60707008772125,116.02915212101179,197.73525829565705,-13.584187092882178,-25.8161074201674,-50.828890955070705
A1,12,0,5.231929869406775,9.371474959120695,7.434050484528912,-3.2474200390433925,-3.3180697439077544,-5.351128067931228,3.129641680350069,-8.136176981708825,-17.064483968143552,5.847601767229213,33.29465733722854,14.342240996511178,-11.478208923091296,-14.148019588018048,-12.288655286133405,-9.42503725702556,-23.276584253751906,-39.28035123185428
A1,13,0,7.451246514415617,9.62545537908845,11.24292407183178,-0.290138787519112,-5.944325865817597,-10.611779107650097,-0.3122851780444718,-1.6708183245273729,-3.0460365269986984,12.872125495404623,38.241998582584664,24.48395514738641,-10.261136259405921,-19.46064499764721,-23.769182477292063,-0.08272188446373328,-6.078454228321334,-6.667522852349599
A1,15,0,11.109739240218417,-25.132890013298066,-47.3260958294491,-3.8479829897167424,15.799711418933661,30.307574279018322,1.0438537586971688,4.9118880986794915,6.393989079272674,-36.07952528156496,-64.5793095217243,-108.65419794986819,21.283904094422684,45.67656311509339,69.34489527904121,12.40033185835615,14.519303320400157,14.401418564624223
A1,16,0,0.3886555528714896,-19.29875238634364,-41.085098580502525,4.359560204568882,16.653252797249273,30.665690437518663,0.3921747961704502,9.708338797654223,17.75211963810264,-51.095741290949995,-59.58856104196217,-96.82493709199656,38.15163085501321,56.88841934646216,71.5108079383173,19.011393440526344,31.775735503092946,39.81065150649259
A1,17,0,-13.122116983605942,15.672871703939478,32.039720390891965,4.535452348234529,-8.919579039750229,-19.770424028309407,-0.5996035815256978,-0.27801765295951275,-2.123125420376846,2.997955369242239,39.455853474267585,70.67465361303026,-12.966265140812174,-25.099059600771035,-44.92690817888209,-1.1805729308461224,-1.9855456238521252,-5.686564314826835
A1,24,1,40.6223459577109,1.5211987133326343,1.6596811158747542,-0.39460596626847505,-2.199489796718106,-4.035130837498836,1.9714321200023646,-1.5110552233038812,-3.5697972360090517,36.614618588294476,45.27175013139152,15.494392759823587,-5.150171743739672,-6.955378180926452,-9.409185643362811,-1.8405629349489172,-3.5340010450792594,-7.338587803117524
A1,25,1,-14.589300473612756,-60.23770533832577,-108.4311882335805,4.64760232674184,44.41959005432908,80.31037917343015,-1.861203902683915,41.99661493729746,77.49363502870143,-128.42504235930232,-208.76038059013746,-246.08598782438054,89.13935093261861,145.00055028925055,183.60395713821222,72.2054013325756,132.5023013905215,175.55807410518355
A1,26,1,44.35039954720034,-10.72799303105402,-19.93358103735694,2.1734733414761425,2.2735555318276006,1.724016164162619,-2.978969182826917,-2.4160144788972433,-0.19256619497453306,25.57366871604189,11.14125809143368,-33.72184994059376,6.167967615102643,7.964756182414554,4.000082680530872,-10.727093365088088,-7.540761126273535,-0.5710814878144139
A1,28,1,96.90906672862467,-2.470147104647881,-69.37102376562996,-8.908520418615453,-6.419314580373309,-2.8347060789621907,-3.4403364845081095,0.6307848347395544,8.53327838555484,74.73635113004657,69.89829463703259,-160.74621153160933,-17.256426506781455,-25.749058798729752,-5.267979567349798,1.7127438769395626,1.8939057912258659,21.49439124526276
A1,29,1,5.466306869182069,32.62005090178997,55.89306646244419,3.69715896028133,-14.308175275018634,-31.066164618181034,6.179813749811662,-8.250038011612313,-17.091338798973037,61.19930470099966,106.97600809948197,128.3052124926402,-21.656414914912464,-44.84530749409562,-70.64865587993529,-0.9892896016629045,-22.00785766158852,-37.026267842352475
A1,30,1,10.065128598691805,-0.3313057813957283,-6.276484797207434,-0.7436008177240692,2.7203792906816484,7.282661672477346,-3.052667073206952,-5.048138829285919,-8.645998845789865,17.838238095810286,8.736408007225105,-14.025204309883831,7.0038340947371225,8.487492788594608,17.256516971450534,-14.815111346890907,-19.105151313501796,-19.12789071193699
A1,31,1,-7.549120691093048,-17.996923154857406,-33.47950253651718,9.13556964917853,13.015656189886608,20.530653486774575,3.53823198019958,14.217738706880821,24.12602413089538,-53.681127865850705,-63.86461868381943,-77.9066208962337,37.40237757571767,48.746273012922344,48.448093487792406,31.729784090465156,46.69169171448331,56.21641172807027
A1,32,1,2.488872522989634,0.6028376808061666,-15.233040981079881,-1.51790025796895,5.2846083320731685,10.531454377141763,-5.119180105192028,-1.8681883653394884,-7.148204099704447,-10.71095994486642,-0.48020882347799143,-41.989094302619236,8.408863945532614,14.935887621810528,24.306392529745747,-23.07467936763591,-13.254168661054896,-18.072942352373744
A1,33,1,8.433669515364077,-0.5009210259288623,-4.852204773865721,-0.3535807602428438,-0.9437726960225326,-0.4364441731814347,-3.9086643898268556,-0.32422748155854475,2.477858344329055,9.58850857846544,6.66725687509082,-11.868708595159019,-0.2672759632202195,-3.323330628582493,-0.09784136750772855,-4.944987724569202,-3.76130164933012,5.789476828249954
A1,34,1,-12.049524733554081,-10.912430617877613,-24.90454575673233,1.421147912192418,4.143464039130142,6.931920711293784,-1.8293653911222254,-2.554991953545642,-2.5860944503802163,-51.12777949282011,-46.34387490076775,-66.01691722191437,10.225076297525037,14.040467133424855,15.940780690631234,-2.054722166950826,-10.030929140402742,-5.275491261142254
A1,35,1,6.942888432524124,-3.2182968089149013,-18.04540832615426,1.1489576060783577,5.3843522764738525,9.306450179988499,2.0594575460527134,0.3287101228346351,-1.9298759793736933,-13.834499163254943,-6.340905724248609,-44.70753062911886,10.96003307288268,18.355641318633126,20.856418106601833,0.9883430289685773,0.7857739803568917,-3.483540863233789
A1,37,1,-12.893058402650524,2.9307304444677365,10.06660179626773,2.2621039376274723,0.11386540840680653,-2.3352446455098184,-7.6461842107021125,-0.23790328303152464,-5.928921242033809,-0.0727664423047139,-6.387620869174106,24.280793804783894,2.432438878534142,0.8764587014146168,-4.857362021783772,-24.22253294522855,-10.254854365493395,-17.626486454801515
A1,44,2,11.353456096574996,7.991822656013094,7.571661181775493,-3.933837951943084,-5.494481603347482,-6.751504616581535,-0.740357020711822,-3.670293016930511,-8.588203905829916,15.610884737612214,36.691493384355454,17.374804679238675,-16.28321049224968,-18.938684542268163,-15.925436491443833,-6.452434879189863,-14.823050237046044,-18.780515986133103
A1,45,2,11.453325808988561,-37.58607291041275,-73.49152769139856,-7.65499896467841,28.094934984431347,58.27936714397192,-2.638456110939508,-21.74548423667149,-42.01557319176437,-48.040347279321594,-110.44650430424777,-164.0913527992045,42.77555957642503,84.63818815615946,132.55592454821712,-49.66628110543663,-71.39539214956713,-98.02145785317643
A1,47,2,3.150760114745822,-3.2533823860977256,-6.6243380469910615,0.40827727826460736,4.739078166541732,8.615065125823929,-1.7172277795319042,0.26045121028258655,1.4518841925853119,-12.961065224795211,-6.492810378334431,-13.409304361514575,8.926355077299492,15.288976568271721,20.021499835066663,-5.297413617169306,-1.3003983343926653,3.58527935346972
A1,48,2,3.5501790570360354,-2.138895310503324,-1.5254038687250173,0.2505758015355076,4.166984971364696,8.027789952080685,-0.9095378206627339,2.004944666143685,5.603564669966149,3.1538445847069414,1.0651204398817338,-5.303273212650318,9.22987083390147,13.51285446557225,18.446367142587405,5.993171845276206,4.968402770891426,14.000702529361401
A1,49,2,-11.715121492469802,13.027617978889712,27.48742951039663,1.137697363285634,-8.691700073466055,-19.121653505818827,4.212482706679652,-3.816879797115267,-9.217918471125868,0.7036365468477211,31.28421078121451,61.576149722915325,-17.715150344735754,-28.13095916261044,-43.86274733965607,-4.458991463374715,-8.079350290372867,-21.029887765921163
A1,50,2,-0.7605401178991296,-8.57818138474957,-14.625478966887476,-0.016262733173888322,8.23881734356132,14.196815204338387,12.241298176809636,18.230623878097305,28.81516812582598,-2.0716329673932328,-29.053700192471368,-32.86239130708143,13.66223780910179,25.67324824941679,31.93409934539952,58.57356112647197,66.3445776927389,68.1914143417873
A1,51,2,62.68071551937364,52.07348160749978,62.06481102068942,-40.35535386674593,-36.628115445301354,-45.53476354793446,-6.229861828898645,-18.567082586867542,-30.10351385821097,176.25054057015157,215.7788093911466,146.64365331426936,-129.8491910000175,-145.06349046861394,-108.56386535232697,-40.03081246929625,-63.012044254524504,-69.63010913695135
A1,52,2,30.999434539786417,244.8781026476541,433.46422933406143,-8.503619282893775,-217.52848923743642,-394.24015165051384,17.48317241130622,21.1591475048624,38.34838265512917,469.0493331309229,802.0986985956838,989.1698089604984,-395.9133933996714,-696.9456793127957,-897.4696417837355,81.41829954816316,82.81583487783622,92.50837763267327
A1,53,2,26.139838354015946,211.8888104227589,369.9189291380772,-17.71440746683675,-190.00590307226474,-336.9410930439129,12.487537018513892,36.565952072874595,62.381904974719596,399.0574761175312,692.3636203501324,841.3107226530487,-354.89882133914693,-615.6386342514128,-767.8193978467056,91.86802774421615,124.880085627361,144.92440380707535
A1,54,2,24.933233504090207,147.53208588333854,255.07340538026492,-21.919574124743566,-123.90838754839925,-217.00796956087726,-24.71394730104311,-96.82386141760404,-170.2798951277246,294.194003515763,485.382026892387,583.898389311469,-253.90002877350835,-410.5092739637379,-496.18507006296323,-211.41526251809802,-330.25527427512753,-390.57340412748323
A1,55,2,-0.7476033064089793,17.368004235442772,27.92550179023408,-4.960477974675496,-9.448087033702079,-12.95726958125253,-14.708972746284113,10.336333822740823,16.536484633871126,8.112770280327808,56.50240630755623,60.48996702514051,-22.211711515611714,-33.881131318827535,-28.673262440394485,-20.128808734316227,20.30135192753098,29.939923654908466
A1,56,2,1.1951014685910981,30.594435782586775,61.163431876430714,4.27678155155959,-22.30709182100601,-43.072277102305776,-0.06905730138012052,18.231787093897477,28.295520429381487,65.17880218768637,100.93938150315712,139.4587943842137,-29.05807314835646,-67.38945996244723,-97.69569646106117,19.392612588568642,55.365339232047894,63.19619723037435
A1,57,2,-11.147926658788649,-1.020578566140959,34.96766614868253,-5.477324306706473,4.450411394971576,10.431496126873263,-0.1696013428800386,-1.902988916809095,-5.376107192285498,12.614001751388255,14.443243861255159,79.25495331859497,-0.7581933712352693,10.266070972818433,22.68421522263721,-4.555690543772187,-7.070754128302098,-13.084582277810979
A1,64,3,28.926394491592227,-65.58245849226283,-138.92257181704463,-9.97283229244672,54.64442607840222,110.69917625767485,-19.1348614863599,-5.218760798036045,6.252295823478503,-104.79687785251502,-183.86596386244298,-315.8971831842035,90.37206093127597,169.08544055974858,252.04482079524078,-33.97175952410288,-28.335663751153756,14.451817905032087
A1,65,3,7.1395591847415,-7.837574713733239,-16.35553976712732,-0.7258505867225246,8.62681931326048,20.569139717136213,-1.5134389769424552,1.3793914812700403,2.9127453301565005,-10.078258493356383,-16.77210994129123,-35.86215033799755,18.35794552158593,29.472506621462205,47.98558004970703,-0.23502714233856647,2.369509860830185,6.843042994009522
A1,66,3,35.888781978971615,-3.3614166439861024,-28.071723587745325,-25.034068164220276,-0.5953982715203905,17.0256167042022,-1.8602143125483532,14.543803077333541,28.032856308948425,57.34483165183793,12.948508014950296,-60.24051002960089,-33.20066260678707,-18.220586109477264,37.43571407485154,25.972696509974714,43.72496665612966,64.70400629972035
A1,67,3,-1.0472003073955516,-22.36500328958391,-40.764078678495714,4.156992611628819,19.87473927848084,36.55670108407164,-1.8103140437784997,0.5113114839831299,-1.083944106112284,-45.45807638754145,-73.43109361734477,-91.17316657720991,45.62615141537119,67.58669036571801,84.22775936114854,-1.1377006120149424,-2.5572624594977764,-2.375433503785219
A1,68,3,8.54445507880228,-10.789436786070578,-0.23186116639672383,0.0009702767772999544,-1.3549904396191383,-3.177167305931232,-2.8799308486630464,1.699214426392747,3.021242059760732,3.7212187614055643,-6.765000267193139,1.4078622067781632,-1.9360664449763783,-5.406407293848405,-6.697088403896288,-0.7210352205880294,2.799031232167902,5.931243072381748
A1,69,3,0.4790795530743031,-4.980143968276366,10.219688723452371,-0.32704495676325507,0.47304865244229055,1.7172423477821883,-10.096084810334794,-2.2434293279595767,-3.9829231857714453,1.9566549791924557,1.0490745448128973,24.97415917605189,0.257789199964079,1.4042350824224332,4.113710194325987,-35.44204575515555,-14.97862465664908,-12.252516093446282
A1,70,3,-8.915297774164005,14.158235222267876,32.573252704913855,11.585306599359827,-9.90786582773675,-26.524607273296066,-0.3742568591880382,-3.2229022428863505,-4.080219314201465,9.66799776760671,41.989834622964494,72.20891756804154,-6.002438079021718,-23.390818344697777,-59.997248544056724,-2.5876102781657555,-10.565768111118434,-8.378430937002706
A1,71,3,5.1854868135031955,-14.672003526009176,-26.194229669561704,-4.989339609801397,7.745325310604173,17.25465665476744,-3.0284970917569134,-0.07944749354833741,1.0019574686438004,-24.945314002498982,-34.515412181830705,-62.04939430079761,8.419781620803175,21.246834761626868,38.70675497433244,-5.225293020928683,-3.311749132889103,2.052685993855066
A1,72,3,4.126314089053121,-18.051779442445696,-41.33693032622463,-3.477096068089974,16.17564122381122,34.70145171159955,0.8170797377146517,2.0226868375758045,5.459585589585165,-29.68137884903424,-61.748786251405605,-92.94952363811946,28.75339183231217,50.616379454939654,79.22272627893959,6.296835087610274,7.629979792368616,14.031402493696683
A1,73,3,-12.278228953300877,3.868499389134116,9.311343156064245,8.877621600242925,-2.4849049282844673,-9.863566432078958,3.3991978912675784,1.03725812847312,2.0537562571048635,-29.02271168050753,4.044092779540809,17.29598104931856,8.02608031864243,-1.5370562845831266,-21.546310887541484,10.038654171533326,5.572297999072591,6.215878425328886
A1,74,3,18.36971118510254,-51.77258306945117,-115.03510130182258,-23.885356816977797,41.94955964231356,95.58689567266138,-1.884339964666138,15.86943526715252,32.72674848060214,-79.27361593960954,-156.81090345088,-261.7034048322487,46.95038925310543,118.8934633535754,216.13445083221245,30.29235665231086,50.68734940300858,74.45010328080556
A1,75,3,-15.380233648271076,-6.129573438669317,-1.4349759845514634,9.426848177000863,9.455567656232759,9.421800329357382,-5.447085936646564,10.065425651617876,27.200882144460543,-27.53099319439534,-28.18542605062483,-7.022273366543363,26.217766371583156,34.98534967600933,22.097811072438045,16.742540093181166,31.225085559106258,62.81806801108643
A1,76,3,-9.517279224404662,-29.708051941252485,-54.12801670704719,1.7117412077378527,26.029299945601434,47.46084199809498,0.7714232755481238,4.684130152661777,3.3527772688317365,-67.14075835605898,-101.06275268141853,-127.80283761437892,47.90237698529308,85.5147652659053,107.86892293752533,6.36737046756069,11.49689001204645,6.645624501929577
A1,84,4,0.5662554182895208,-79.01557993864928,-140.7619647971335,-14.575284551308291,57.65310209159429,119.42682731319391,-9.341169281292728,18.98220219093934,42.23182508392046,-143.4811839410244,-241.75800009890997,-324.1569639912552,91.0497301048341,174.6421872162537,271.99772353949237,23.498350547405014,55.35970271398581,95.76481634798425
A1,85,4,32.34456879388993,-35.151374450079295,-89.43844307004062,-19.92854703254291,31.420660181962855,73.56420602764814,12.896230351882318,-23.684851648229944,-51.07861868633396,-33.91490166168109,-86.45992460673658,-205.3217153112879,31.606085005097565,88.4261287592343,166.2006714054437,-23.055671476383655,-67.56214118312734,-113.7210226294189
A1,86,4,13.435942255692824,-3.2601740406145856,-16.064479569368338,-6.652326730925113,6.368967797409448,15.8830768128579,4.0365688565156574,8.069401209640612,15.025521972099352,57.204121723942826,-6.065279201663497,-34.80626140523805,1.1515866093009721,16.009785664114187,35.36542060463434,20.496593645312505,29.391992015808484,35.56829264529482
A1,87,4,6.774740503279831,4.004184226503888,4.708843007916562,-1.5515508791014667,-4.63722570574355,-6.196537956490656,0.6267775401173323,-5.553086821664342,-10.91262875430981,9.357274476879368,17.504105201005782,13.076702521429786,-10.163707358962611,-15.124966900445058,-13.711518045755287,-13.597630190783764,-16.55847275058567,-25.219819131915663
A1,89,4,-1.0131372828484624,21.209394446432565,62.172098341759316,3.718141562940892,-19.29358002959836,-38.96615263033328,1.836722963977173,-9.071679067360032,-21.521491793625074,43.02551463433605,89.40017013934636,139.96198382720544,-31.657728368862657,-59.45845388614405,-88.87759586324721,-18.14150988374547,-30.139892944606736,-48.370112354070294
A1,90,4,-12.875728127203395,-1.3037875923142481,3.4074515332801467,2.6555596641777615,4.436374020519067,8.053420281037305,-3.6696780063048644,-2.5315883748364665,-5.4896144704585295,-23.794024655136965,-14.671703244098211,5.307150667263251,12.505350656574427,16.66791762704168,18.831331278463157,-12.844687784153654,-12.91411787228784,-12.312524037406163
A1,91,4,-2.6051282019164703,-104.3758078848183,-195.96736868587908,-0.5701690811819161,87.44389309801298,165.42418544266536,-2.4983530591370955,-10.552802350387074,-18.031911872908612,-212.40603801492622,-336.0401864156261,-446.78513952014555,161.49597220497216,279.4921554523324,377.8661845359643,-23.84639029430319,-35.309773835975655,-40.97044107886643
A1,92,4,-2.685083545549652,0.7335011625169808,1.2868179052364708,4.590390652891101,5.055184898181036,6.691655175755266,3.977798965352963,2.1933038442550172,0.2922479959959575,-1.5446444648962783,-1.4276379285697034,2.2589587902681774,14.694581063354796,19.49098372517978,15.685092319105198,1.2976779440465067,9.111981488078241,1.2279310840685096
A1,93,4,-6.36076558221638,-5.1761358879947705,10.950718083555921,2.151012349428881,0.7978249217578781,-0.7765142825398802,1.242649705686596,-0.46559805495879936,-0.03497557668933848,-13.537473268624879,-6.104375595316502,24.268081024163767,1.6547643810353139,3.479096651708182,-1.633949128394882,4.641507843201381,-0.3671695586719075,1.2595780738651667
A1,94,4,-2.605283465411222,-4.967074705420966,-9.597947642846448,-0.32935086399310104,1.2131734717532565,2.4190324949198585,4.541959261161487,-2.4592392709686366,-6.5514209771817855,-18.07549860751508,-19.566660941527537,-21.981696901895468,1.9643327887746782,3.255674663354132,5.7925919726566715,-0.8389779445305865,-3.6887439499430283,-14.398607374073581
A1,95,4,3.7118073312018134,-8.715161809553983,-13.737741956538802,-5.832982788664891,3.593505517803404,12.17838972668054,1.8809322951820762,-3.3236438736881313,-13.75798104674021,-19.872541223252565,-17.479978984115057,-35.56251571784891,-1.0358995014710572,7.749151953796002,28.07981869913202,-2.3146707211452404,-13.104653868441277,-32.68781689945294
A1,96,4,0.057804319198700355,-12.091541280114845,-23.718779087905222,-1.0716555370614755,9.699922845847178,18.8078777214147,-3.8257202753532145,-3.0329745697189514,-3.800888637041548,-29.833886914079923,-38.14668043365428,-55.57960815070508,16.531786963465173,30.674135969835426,42.044779028011156,-7.776246802372978,-13.044392675981053,-8.24964842251428
A1,97,4,-54.25555982122404,13.60234692175679,75.23939145621476,48.8277459278947,-9.177769067250342,-71.07008727987089,2.9346982164223565,-2.5182179054764267,-6.0429642638623395,-29.68508237758057,14.692885722293255,171.37745516502397,16.36787598258722,-7.853244115428963,-163.71110274593667,2.087573321643049,-5.729839651274919,-13.491111678143826
A1,98,4,1.2460119407493506,-55.940003064682195,-110.37467014086793,7.683661288349823,72.10878543522884,133.4412480525143,8.28915714931075,-22.938244703539798,-56.46703523606245,-110.71958667755781,-180.61288277908034,-252.36330839187946,148.7607655606537,237.09951059011405,305.98403597289797,-39.96000836983922,-71.9923972519712,-130.86798941874633
A1,99,4,-0.6130639252898185,1.3011580471033792,-0.8583431855423913,-0.5964861447953035,5.0994481822090885,8.525446760972931,2.507543703280315,-0.0996545970299682,1.5975006453260274,-1.3867252663748038,0.39489197761729034,-2.1081401358747076,5.185283416894362,16.111141324691637,18.441688582239856,6.209680832388886,1.4158878946802353,6.109683038210482
A2,2,0,-44.134393182397154,-66.27665767974906,-95.48093759730395,13.722253530455191,26.91857902069165,40.09890629049441,-0.07395580058866275,-8.857241849505051,-12.673222659156027,-192.17574538367938,-233.10825823077036,-227.62325189307325,66.84475323121721,94.63709098021162,92.17718955520364,-14.807025752611162,-25.862408968296727,-28.621522688026225
A2,3,0,-28.69167226819539,29.262667356965125,44.13304685593347,2.219847918372582,-4.325378825087184,-5.817242950355453,0.5456826578167876,-1.1989034767012325,-4.906298208695352,-3.183452514282281,41.522793514505665,106.05112684575367,-3.071642908348751,-10.149927626231236,-12.134100003162803,-3.235475511939782,-4.665969362904493,-12.031780672841222
A2,4,0,-22.126362679950933,-12.704773050255714,-10.232015600658563,-1.9741585660737373,6.861407227831514,12.856397765710966,4.409323270511982,5.138352056368964,7.247868764889955,-39.35637872670424,-67.42298905590634,-14.623573159950345,9.692012115532153,19.57617512057292,28.85005113768571,18.02455765591284,19.14641496646065,17.28393457828991
A2,5,0,-34.84529118493714,-5.162616745371752,5.052530807072378,6.566175767534941,-16.255094799151273,-32.098438382828384,-4.596329777334698,3.036756758423542,5.084740165310547,-72.64906762147308,-40.17563487203655,3.839357915769011,-17.46964237065747,-45.849410122654895,-72.11468495328725,-3.5591232440158644,5.415283956154812,9.6828232071923
A2,6,0,-56.44048288770912,-12.927901038535976,67.68910638463952,7.152348610235501,3.0614977383498445,2.176179684588005,7.903001262551621,0.1232210840907132,-11.704066558547973,-60.414620291869134,-41.08847264284782,159.28371417705225,16.16453078155337,14.918949302925387,6.136954438402897,7.932372107956317,-0.4210558734396146,-26.230343683475205
A2,7,0,6.899631255686399,-0.26562875852374623,3.502277490348815,3.0227695430332613,-2.129275055400697,-6.391822818004825,-7.843064432184846,1.4672977342463551,5.5125295787688735,12.013449378687564,10.045360413950501,9.868102034460307,-0.3597872699132775,-4.894486275025251,-14.64118252291548,-7.932355814968993,-2.8039852038628954,11.898901787866075
A2,8,0,-33.309328142705255,20.574444603742947,99.59460979165773,4.382017161137621,-5.241514844804646,-13.675977887467797,1.6294821736642155,-2.2676923595927883,-8.373972849116248,33.244843647765315,67.27638226050789,232.1249775476715,-5.490566518048219,-14.532141553915494,-30.847171295509554,-0.5961222851384108,-10.193864703805138,-17.789721517920707
A2,9,0,-20.515809590274785,10.95202324363259,41.960902877112986,7.679845875835751,0.6224587756346596,-4.99395081745532,-0.9266797563270933,-4.687630500446146,-7.608002587619028,4.069307905608608,27.801325116239468,94.40846962754203,9.83738817606674,6.7671378947846454,-11.16221900393219,-8.865181346360249,-15.497269536583442,-17.106689689735532
A2,10,0,-49.108824391891645,65.89897222521763,173.47228591837194,6.25279437040662,-14.260645462230059,-32.00187926368692,2.237283495446408,2.5350745220890616,4.716685099773912,62.69226082067738,195.51260248848496,390.6930935306398,-18.97998580740179,-41.69369475197473,-72.58937809363947,9.508415642014574,9.693591487485818,11.323967230278594
A2,11,0,-21.64000124026962,-10.456050297922676,28.73275284075139,-4.921850340563338,1.1085114513642482,3.5454069840887885,8.626092010076473,-1.4044205466325046,-18.265825455230832,-19.627414735952147,-29.713703227910823,76.25850700585016,-7.376313700849709,0.6795572892118538,6.287418351459512,-0.8866108661817298,-6.278585181185247,-41.82854676393549
A2,12,0,-63.551645308861666,69.80168503710242,160.78909533902532,4.2905239095493535,-35.801344962683295,-70.6173208264142,2.920800782654779,3.4015868271123733,7.59324488060692,33.12015399716504,159.19919108916258,372.500223596953,-60.19146779586128,-110.71482516481319,-161.8997124043535,16.484765545813524,14.068191043349486,18.157561243129145
A2,13,0,68.04990884148498,28.676873838525637,35.46158998179195,-7.543018226645766,-8.361640152247995,-6.7109051185538835,-5.185736955637639,6.273190278884934,20.589895013443673,175.14542811013376,139.44577490410688,99.5889978709684,-23.02453736208106,-27.987883707403846,-16.26174179694014,17.118535923320554,18.134466157659713,49.28983682016409
A2,14,0,-56.21858216890565,101.0820572003162,252.73200617963954,5.329864828473064,3.2473195668073935,2.2223803744326607,1.9861925733557917,-14.155876466962697,-33.68737351175873,162.97004400902185,286.6702469490345,592.5476353674349,10.327514733046806,15.072597917759861,4.505576579024653,-30.35890885047042,-47.11939310173965,-77.44253042951343
A2,15,0,-79.62135531178222,4.141561639738569,67.85892685008349,1.3159275275403297,7.885694963287807,11.043560293143189,3.090043178674699,-7.5660451631633014,-22.158299813227842,-62.0402272386202,-59.884880524563286,173.22251229313733,8.212256255315824,26.570597456541766,23.231858329793553,-13.340427845928826,-26.74419223451452,-50.77292207352672
A2,16,0,28.861180781380465,-30.21915777949288,-56.882668781457525,-8.915600414799586,2.737354312315547,14.769789053777329,1.6111322646116597,-0.7748009297159654,-6.8660952264827895,-1.809011312587191,-59.278905189983796,-128.62970301092585,-0.8765730359425564,4.363957119843581,34.35540662745847,-3.86463825333217,-4.662346760989371,-15.856571417088249
A2,17,0,12.745828386828261,119.12083918695949,203.17772760421664,-1.083290721232168,-14.041019024701079,-24.75183608394189,0.7178258341279328,2.76360346525408,2.799030629398098,183.1069405757703,398.1262583196189,450.55425534395505,-26.112474908776285,-45.4760720330241,-56.09618571745874,2.675491630012885,7.978064368921741,6.278954159326829
A2,24,1,-6.817312137692642,9.363277178430211,28.520933690393996,4.301874065818087,-4.042382665376268,-9.24450384501943,-1.6826569041486001,-0.8211564315653822,1.0162793801132464,15.79820652139682,26.026447838242788,69.04184751099343,0.218809201482083,-9.656970684753016,-20.328067312635003,-3.4338157492680614,-4.061045286082808,3.0741947783215973
A2,25,1,-50.95875058530426,28.099708685465437,130.3785475176421,-1.9778297697896763,-6.720120760651319,-13.445886334703522,5.035057810263102,-1.271809923699166,-14.123296123475399,40.97141148524875,70.83415382475394,313.21136347842,-17.509324572207728,-23.632159524721562,-32.01673435336046,-1.9662356712200257,-7.409422159017409,-32.14513451049469
A2,26,1,-25.49823168127871,19.266106106455595,69.91160482306421,-3.5743431092024593,-0.06616410583472318,-0.05158712304554072,2.570413291495953,-3.7221837536614886,-11.447986175039325,24.202214045757522,52.14753880542019,163.6666575094334,-5.361799048490713,-3.6341083124614593,-1.3202445748729672,-8.848641479300365,-11.715546316357143,-26.856885587923905
A2,27,1,-32.568573566114935,73.66891737285816,207.00146722292817,-0.2242181134793768,-31.55524929520677,-61.92452654120363,7.648911464828854,21.30706885332508,29.809105050971404,142.46866324596903,245.47127730207345,477.0990625183559,-63.16502863563171,-102.86557379196401,-141.62301236044968,46.55257705174434,68.79471900514255,68.57032683401339
A2,28,1,-54.62214761735881,17.308492562239163,116.06041427004683,7.143528163222963,-5.512011079203384,-16.508917441761078,-2.8977932032695786,6.2818615755601845,5.895870852696633,3.535437162121818,47.720080280188675,271.457648904275,-2.683104066135469,-13.310051212019903,-37.54883801347791,-0.6927824472066044,13.493050865252368,11.648431503834987
A2,29,1,-44.23843925064049,106.82214473861205,279.8740096276269,1.339680095998594,-31.02928428966483,-61.477363517037176,6.278983505816276,19.809484417970697,28.926962636967634,191.67101724902497,340.3554071355699,646.6213509193032,-59.67951511915269,-99.15421953371963,-141.06991379586657,42.71208872490885,63.5628147984355,66.69654645071755
A2,31,1,-59.722212611035104,-16.412111982074343,4.942233503249493,2.915917139682403,1.7739641415849325,1.0524039386128954,-3.4289271103173005,-4.924344820581208,-10.278215917788964,-95.45025314922667,-96.09024578785144,7.256274238827317,3.0255127824136934,8.25196181825768,2.00025230699782,-15.384728433168666,-19.811333580984655,-24.831655818898433
A2,32,1,-8.88497014097736,6.748818845540569,41.08755189413968,3.2140743078850345,-5.259252108742731,-12.132644270323556,0.841610132128775,7.294573417483165,15.538436649217633,26.74892147072844,24.73037591186658,100.81026588286434,-6.335543364076959,-15.706234161547725,-26.782522122312,20.229908444053933,25.80265407041684,35.15711952257788
A2,34,1,-40.12525920149741,22.93794831454335,89.67212439027878,1.7985438098785083,3.9200105993398324,9.856896433416331,8.271972640716191,-5.723523144262389,-30.856609059782055,28.178434453035255,47.57233078902928,215.5714116408513,11.963584604633215,17.183464263312338,22.313420319749174,-10.72182699688227,-23.898463798601718,-71.30366401872242
A2,35,1,-17.704935893158236,41.68644369865188,86.64634909954285,-0.42151307400078064,-6.165536251154722,-11.048801852253847,-0.17233089169682364,6.05035355688288,11.37675046765001,62.72873629601819,105.2722931190422,208.7648754432912,-13.095526023398415,-19.01745549437742,-25.700684988131414,14.556985902432693,17.601430920923388,25.979645906142572
A2,36,1,-13.580900041589677,-14.60077241999194,-5.721679661360858,1.0864386742455203,4.250695736689316,5.596766342419858,2.8250421630403952,-4.004089962287942,-10.235149257259053,-46.25791408914616,-39.02740823312498,-17.83527830706055,7.158342919735858,14.444928922924037,11.872506407592452,-5.177419009356714,-12.915533777041404,-22.60624352248046
A2,37,1,-124.87913071280425,14.229106564450275,75.39806827464653,27.33112001921125,0.9348667164799378,-12.730412370354923,-20.316344978518686,8.292543899104816,23.080329818312414,-143.12114780108362,-52.47681675772164,146.73383828629608,44.28696705432774,22.295050164264207,-24.82773461559819,-23.857264571517714,10.972792333931414,48.75409695693627
A2,44,2,-38.21160267195272,-23.47701365807795,15.448425445004416,11.810917117524314,-0.39642496879420275,-11.096757496453487,-5.436587687363222,-7.361135221729828,-14.041428686910006,-52.00388647659573,-76.95985976672122,33.45196739562066,15.488178463278254,4.3623785176569445,-24.70857776255693,-26.21412068846165,-30.41267997512724,-31.5134984726119
A2,46,2,-22.985468402421375,58.35563841185189,135.44378104343372,2.540832325298316,-8.523929978249711,-18.08682938274523,5.614004578691059,-2.4819678370852705,-12.458090316937202,86.46962408286791,180.7799079946071,305.8327466294421,-12.990044751884456,-25.9880774807641,-41.176378371521594,0.08453485139568198,-5.886334509921092,-29.186120227229605
A2,47,2,-11.072671362247931,25.566573834363318,41.666328656902905,-6.024810875168015,-16.412182459491806,-28.178931139008323,6.768522301727632,14.60830413421561,27.073475467813534,16.33462228226494,69.62034889305713,88.65604528349762,-41.20282108893535,-56.622917440532476,-65.40501189529094,37.885358392943076,52.92592358703413,63.500938797990045
A2,48,2,-37.66693889999045,-42.25840894032562,-41.578366843927384,14.069321517931268,10.824288322580523,11.859781242554334,-22.145970292331572,5.798592882361358,23.097238952037614,-114.17652264660654,-145.2581300199641,-102.89139390548225,40.26934531057935,44.63275411281354,28.409051165026735,-20.850680249187203,2.350322802257842,50.11468053183026
A2,49,2,-37.22017071193,81.31886702477777,194.10266697444703,-7.357684421177361,-42.75463183079707,-76.5659143712286,-9.67424017764658,9.023154579340337,26.144589134107367,114.02314970879945,249.1211368324399,438.7749486933763,-94.38547047203457,-141.47488107678907,-175.36691536920267,4.394205666706273,23.38188430531422,60.40335827458265
A2,50,2,120.32142188959709,-42.45609004804085,-171.3149903280706,-46.91187538580157,20.56929319424847,80.9697060995905,49.912637531615566,-25.18863699660999,-74.99281143589246,47.99513957390009,-59.10946918517746,-384.5389950238872,-2.4029752768721884,38.42303769022503,184.82347863138688,15.696011037314596,-43.755270270060564,-165.88059479343278
A2,51,2,-21.100351289508723,169.33850509502867,311.8316760544175,-17.680433028031874,-80.86354599342516,-136.78745307216874,15.986295886518272,35.40265325844618,59.231765901253176,282.6749310405751,493.0660122369516,725.7531305413855,-169.34800862680925,-267.8099572335476,-313.56766944559314,98.32583602350972,125.53258322801679,137.5801945760974
A2,52,2,-52.688081558996096,48.062403507875246,148.03504562612954,0.5929053726201889,38.47288932316842,74.40349986550285,13.211035378122935,-43.67753496681777,-99.0195717683689,61.76414260929862,112.26515182312689,357.0767247336556,74.56886912825941,126.21759738574464,169.4072300231135,-68.9395824298554,-137.427230236701,-225.70890884331595
A2,53,2,-25.789926036714462,25.796619489306753,77.55195981645187,2.74250547040805,-4.163640750820644,-9.040239563290527,4.020907184176107,1.4949150949378471,-3.997243579938339,38.02237447114882,59.25082163756829,190.52577401662708,-3.179946505225265,-10.239195092915082,-21.173589089393744,2.4695570168075123,5.433510052641668,-9.63550498497035
A2,54,2,-59.62492410389751,114.10701422699765,291.8352741296685,-8.001507420360246,-23.45843736409993,-37.78674008367861,16.368388318968016,4.068384255162359,-19.591509381204187,178.44578987638968,337.0237523194357,679.6836891616889,-54.29631311412529,-78.32600163068763,-87.6562414773423,11.079255525872027,13.268291323940941,-45.455641428161805
A2,55,2,-9.784634518491714,65.55480043663088,185.69851370525652,-34.44905971477719,-55.11815584772769,-96.12576985340267,-11.650833468913266,13.0799941354246,34.435839153953935,173.42414164663498,237.77912243738663,433.2542588395967,-177.4988015528309,-205.81884725331707,-227.0368365228741,9.020296797820581,35.77406400064033,77.83691583407412
A2,56,2,-88.52300379355992,70.47550390279991,227.25668254640306,17.92835636501274,-26.941289364097425,-61.62872656158653,-3.496747492078585,31.63906528465258,49.76701773762107,53.50884833135292,183.80193529643267,523.3778354280877,-23.87322947816534,-73.58212789910695,-138.98417509944545,41.027283474822745,90.16422666412053,111.95798185207728
A2,57,2,74.935392527037,-39.25082744572219,-84.3978622978355,-8.218178410549148,8.486112227085469,20.277727885398857,-5.721778861023257,5.6231905434674445,13.748304317256487,30.542647772181397,-61.468280901298556,-171.70291603174041,5.664992711857383,21.074613457025475,45.3431580246215,7.226399971858161,12.446588557379833,31.23553221564205
A2,64,3,28.19246056627406,93.4261965978033,169.58977231750214,-24.05781944623482,-3.388932105668023,18.106941786360032,30.58078973212631,-22.469928531261154,-80.48740031872947,221.61528066941287,318.5701945709368,399.71551608308704,-30.049217208003835,-20.661506816768053,40.42008025801021,-20.938462288830284,-63.159837135962036,-184.0591310075665
A2,65,3,-86.35156001012999,-44.86022432723775,4.372018296283567,20.547625834804006,5.242582931027445,-1.265771748596157,-13.47584806026041,-7.973199872130223,-17.324683417735322,-191.58850929805914,-171.0262842240416,1.2616847964511013,43.04526478870877,31.229709801733623,-0.03445311612159117,-49.42256601184912,-41.6146493964296,-42.39934602802797
A2,66,3,-40.32672789373066,-61.62328199464532,-41.62669952463202,1.6111444296837802,7.892101464521068,7.172857687191887,-3.778579451103851,-3.9288585565418446,-6.09731773375565,-104.36299417998868,-202.7754586855403,-81.15756427698301,7.44499273032131,23.11516723159453,14.578916164101413,-11.925272153679936,-15.423467788567491,-15.353635818085312
A2,67,3,-37.30474875935403,119.85294759280103,286.677553470521,-13.666794435020988,-24.681097066652768,-38.12400693012553,12.533548853656937,11.687888246100291,5.540747978278663,234.39451735253957,382.0999284595879,658.099809867881,-64.30788692134142,-88.55257726250346,-88.09185306122654,24.574738019159774,40.784230406053034,11.863050377546353
A2,68,3,-42.535118124319666,-43.62451446144,-4.8237478934808085,2.548984358029643,17.349316063795374,27.722090604766784,-2.4527465481516986,-10.62205831866017,-25.370595820875927,-86.31950450652229,-138.91872814123485,-2.573500624272826,28.049565821364045,56.3344164202113,62.06174369265046,-24.90557478994741,-41.26461237172896,-58.65145185574837
A2,69,3,-2.997385079954497,11.126129806979138,15.696365261687522,0.689241004010345,0.8583886885895415,1.7229840257702045,-19.564962099052895,9.194334586803155,16.622172309019103,-11.771292568299069,30.98545116083439,33.87048792982296,2.8996199837896293,3.358837191685974,4.400921493187443,-34.45860629805497,12.15318944441383,30.536241854594326
A2,70,3,-28.532716351105652,34.155721711210006,130.55048135242012,1.7562740168707314,-5.967453473705641,-12.504700897380145,9.525044384967103,-4.4582504311475954,-26.18183665428153,69.9794862483203,122.40658372619531,302.39277696470805,-10.651587919422056,-17.385930360609372,-28.68954496293664,-3.3609920240097653,-16.293707823896494,-60.238116126120104
A2,71,3,-18.83886470247229,5.235254448884634,10.402938761273774,7.253024253777056,11.704502226108303,19.168998265168394,-1.2858821398962206,-14.06451602318586,-26.73177920643937,-15.23726249339507,-20.559497255339075,37.23717048035191,30.817760322017303,44.19011547233632,43.98453682359069,-29.790651938832315,-46.30495966537093,-61.12272743611317
A2,72,3,12.768104900853839,122.45587893074044,224.66219508905237,-15.624550578663223,-12.34131621189589,-14.55488905561273,11.653745079722633,-17.44788670798617,-40.633354560829304,267.1538438929268,403.47735875557333,514.0337170035783,-48.44362897501148,-50.18714775492175,-35.29768726397492,-8.27989872158959,-49.61980025308057,-90.7445307341611
A2,73,3,-38.44025870871343,-30.3152842710777,9.127359452499922,9.047667532891994,8.440451321132802,12.410765451532981,1.4473277918087044,1.4196743617538536,-10.688928689132364,-71.47046262026014,-98.74668202808,27.61126426982987,29.003291451280454,34.581189612207176,29.786067155477824,-9.05647647018501,-2.50144149283644,-26.259556954705438
A2,74,3,-47.0040697029202,28.523008978225548,125.86726066088113,4.97042732037534,-8.976850842272286,-20.904106727316663,0.961392647640068,13.359567061758888,14.607746258965866,31.90856639304518,82.58449398969087,294.9771779563611,-10.815994230411688,-25.345323808715737,-47.83280798685189,17.63456607895386,35.94352848910615,32.580941167462726
A2,75,3,-8.262337837051815,22.566971047697926,73.91134413578119,1.6891762053955166,-2.3726990497221885,-7.5424383806180355,-4.029047636897559,-18.08584536177244,-33.5178864388895,57.966566572476175,90.99493565869884,167.91625297961195,-1.867132752149765,-7.857391884609097,-17.120089538029372,-42.19196728604284,-62.03651714289167,-77.19687705448116
A2,76,3,3.380949937421286,-23.77173292327104,-41.664919900532524,1.1068851485035431,-0.6828685082026548,-0.6590402087534597,-12.308293940449484,-5.463456974818469,-7.830042210623155,-28.760677139541272,-65.83581735271545,-95.33145521184454,3.259456015331783,-0.08768778850120293,-1.122309713936072,-20.679652948090784,-27.457337429746325,-21.500167353213488
A2,77,3,-11.482612567377217,-0.1703757367206684,42.48560905781582,-1.0651793298861338,6.4651612616105005,13.82580750813203,0.15683829389746518,-11.277284129045215,-30.83765702189867,11.961027809198319,23.349053827698267,94.30514942923934,12.088553055208367,19.470962543023816,32.323544399400014,-26.39239037557973,-42.33138039027868,-71.64329846952023
A2,84,4,-31.329910347508388,49.99030215971146,157.40279668867782,3.1315679482674947,-14.092318608042598,-29.951573755324358,4.833438167716718,10.479035608448722,11.138568747176953,89.3632139877079,168.1619431260101,362.68810021188943,-24.129832193569428,-43.8321814024052,-68.32621248463636,23.42984079734783,32.26888174920754,25.495476432370168
A2,85,4,-77.66966730455613,68.63097176752261,212.45825281299517,7.277432144054427,7.648286062716749,7.629596277157488,-5.75299152521163,-17.53341181929036,-34.86351587527032,84.26117018329681,165.76411056300336,504.775799909899,18.188220571768834,29.49916924596053,16.61460250463483,-41.45163295839982,-63.309532169476256,-81.32240305886752
A2,87,4,-49.84520890477037,187.78314089018897,370.507596999519,-14.783345290148485,-33.69043218388502,-54.75956390729438,14.782368414211394,3.1682062860923246,-19.117412659924664,262.2531559510923,565.1362966196684,832.1444045941005,-82.27736115455853,-119.3437134234607,-126.11463284789934,18.858435832183716,9.623865044174062,-44.70394276429536
A2,88,4,-136.9317251131733,115.73849032368051,319.30192402347245,28.021337473839885,-68.7317257614297,-143.9576891382896,24.346304536394022,74.9447017794141,112.01085377822926,51.15196626135287,268.4818758954746,735.9372816264597,-85.59324379645282,-197.24852619235492,-326.3177426604744,157.1585693994089,248.51054208987313,254.48914379060213
A2,89,4,-62.73686964981257,53.196861753899675,161.70867453148503,2.2688538885836795,3.078047086455194,3.3969702411480087,9.519504453406253,-16.031020052608678,-47.071237263244406,67.66584260924613,120.4174195614602,386.2717366057491,4.008593831583386,12.366074794366567,6.587345830815329,-27.786645748002105,-50.58582349871712,-109.69363872906337
A2,90,4,-12.983189665530569,128.1487623793444,296.31509175778353,-30.16292254630623,-53.24646274925624,-84.85144561376585,34.03327609553014,-8.137324970170036,-45.09781137073087,270.6298988673515,428.30480036150703,686.0700399876214,-140.08265008160961,-192.7825297830507,-197.47208656446918,25.31263930641187,-9.18915621670089,-100.58796965448491
A2,91,4,-15.864695503978762,-5.428964431212929,-4.282702967525769,-2.2643640391078232,2.165039195060455,5.809299018624561,-17.486259198021656,-8.734130390249163,-1.850889696388279,-28.61639809269921,-36.97380780301985,-6.910609624531406,2.362301922316722,5.412879229809708,12.877230254640983,-33.61731765043587,-39.69854927625404,-3.41503051368552
A2,92,4,31.796146685858773,29.879724630933037,16.147454613830895,-11.98554124717932,-0.2713822791748888,16.731616998569663,10.928903277439913,-22.994218632538647,-60.10972365698021,64.257498633318,113.08035641351962,27.670931197048805,-8.136473200303751,-2.4675194030325343,38.477843601051354,-43.77038966252671,-71.48163150918225,-138.04455564765337
A2,93,4,-33.6937471370657,29.756988100546675,110.01707840234104,-2.4811151643673335,-5.589577069699161,-12.84802650006965,5.123345534268671,-1.9848207459590785,-14.272193286034891,34.74333842367297,102.64974718566357,244.17715070436645,-18.19161901329246,-20.297068118284738,-30.956708765249015,-0.03456895374168841,-12.185614751145073,-30.37467099952627
A2,94,4,23.75958872882645,-246.50849009235884,-399.3583856214955,-15.920111375785345,91.23985227390999,162.3964318649455,-17.1858947303244,-67.42006953375393,-104.79807196597402,-323.5119443158183,-726.9217572880058,-892.4241965853384,114.2614026180268,271.6943952835847,363.47485607657484,-118.89053316866932,-224.9361701700312,-234.55388859921916
A2,95,4,-106.09473370425222,-50.85692060408118,9.646154253701859,34.589259701161936,18.589669616211914,14.465066229849205,-21.05920504435386,-5.08906874857958,-8.398826797127906,-186.0846614055115,-229.995686128075,37.271101483818605,82.25204046404295,84.50235906727401,35.933372953364135,-51.4298743178453,-37.63358522326665,-24.122596793995367
A2,96,4,-6.6361325111004215,59.73768231345503,102.83152054519086,-9.986034930094306,-11.126063177651384,-7.004543970318117,13.705334677844398,-1.6641487073419223,-17.32140249727645,102.89335878545403,158.81982653483885,251.24812378455704,-25.43671989800082,-37.00006672841809,-15.876918799884184,8.192436758100088,1.220122802615826,-40.05980332627339
A2,97,4,-45.16316042899437,28.877463768904395,44.256076967743184,2.784410762972416,-0.2801786373436748,-0.7672877192842007,0.2866779676705577,-2.9968340224603844,-4.350197763225404,-14.112200042915683,11.319361434185602,113.8910529563037,1.1508415554954368,3.422602400677038,-1.9533174958267558,-2.3781740272477436,-5.3876176988993505,-13.133276752390028
A2,98,4,-77.01137584907416,-73.46746610271101,-49.55995356045634,16.084097514288658,34.28943353151369,52.27343181685458,-13.544641357801419,-11.833397449786215,-28.244018925679022,-195.15006416136254,-262.0442200535536,-112.45884590088814,78.51573080748909,119.93649654560596,120.10833657019157,-49.88685758736652,-58.107533218191925,-67.72113476304382
A2,99,4,9.257492056169935,18.468192030000868,38.25741027704264,-7.969378277641079,1.0332482323936603,5.194138575705158,4.986525127980189,-8.278022402099579,-20.28033643721348,60.30533995278623,65.42880227261935,95.8638637295231,-12.002347026096636,-2.133637115231995,10.060342443658271,-10.622655023454776,-22.3026193067206,-47.79196697564883
B1,2,0,-6.516892482108091,-1.383729495863378,-1.7310686432804736,9.508211079431184,17.952381110831485,28.105458067930712,2.704610300708794,-3.371537852422059,-8.977897127215233,-17.570113441406505,-8.201649663815992,-7.060484458325224,46.20195878038937,64.12295912692433,65.1936848967605,-0.9745537696371915,-10.349412703626411,-19.871305401523152
B1,3,0,-3.929355865939897,6.46966513719638,9.089983654237393,7.5456652022486566,19.775989422933034,33.06610835751058,7.575687627993792,9.747359743653066,12.876989890558612,1.9702227358747586,15.863295553575,18.687354957297536,44.965262057817164,68.93209996974764,76.23688410565615,27.344718547702527,36.34397659326343,29.7336595711023
B1,4,0,-4.13593802949503,37.030796111140816,69.45933701136359,10.732157635141766,-10.925639496122953,-28.38907141267668,0.6503523071477142,-1.0348919273080055,-1.4591218841496896,63.35057201865308,111.00792739854553,159.2504079450402,-6.919592495715047,-28.605896548996277,-64.08792821364521,-3.807194086029687,-1.7134482967995317,-3.1175092668471525
B1,5,0,2.059843011358881,-119.88658219836245,-224.48041741368004,-22.457410463893204,154.85958498411847,311.0602292716397,-7.624242062334977,-2.6502253044208013,-3.5981419196569897,-224.37353115560163,-381.15986786485433,-510.96378981496247,262.5711946917051,482.4576484690728,709.5496605073323,-18.052795175213408,-15.522520607548245,-9.808254352025957
B1,6,0,-36.790550930572564,-16.836316555917897,33.373043233638114,60.07265345891981,19.650620757042237,-64.64435878439144,-28.207619424645866,14.015733942967854,43.70779526768561,-42.720856757774165,-55.02523348798395,83.91041670750522,46.56608250690565,65.34621890669614,-155.42621047820208,-5.79130775994179,21.023762681418084,100.43668478613144
B1,7,0,5.741642584369666,-5.851958299270367,-9.513824966083526,-2.910146079961475,-5.688895543318607,-9.721032511887588,-2.7432243547931434,-1.4477354001704337,1.3013337531785716,-9.976444921242734,-8.359583560607742,-21.643033147231396,-17.094733959762213,-20.518021597363795,-22.667978496656584,-1.0715406388264301,-4.5965020439549695,2.1531194345955074
B1,8,0,-1.0239499662897988,-7.831338625039273,-19.582347835110923,-3.019792824275157,9.008538529042701,16.909718457178663,-3.8479120207587303,13.179151764805722,24.382072066473217,-23.937376529404276,-29.064663270513186,-45.481697320866,12.101954244538284,26.03540023720771,37.671359661596696,13.638381171066051,39.423316174273175,53.73807292291598
B1,9,0,-9.978039972715235,2.861260582032574,-2.3392693819941077,-0.5037932065137518,-0.9427599565685821,-1.9761980776558496,-20.01893152800022,1.4835854622181288,0.9953947920719253,-23.946233484324182,-3.3555764114147513,-12.138184329432592,-3.0816900221815127,-4.028745479400089,-4.360873212898281,-41.4381534500506,-15.807074963755262,-4.985814088708131
B1,10,0,-1.4875950258424704,-0.7444535481232302,-10.165169684071799,-4.9526638008904555,7.283094667701735,17.364494737683547,-2.7621631920820184,0.9063436430220582,1.0103839574894367,-12.39347067715869,-6.309287151977165,-28.701175415485245,10.118221581636229,18.950268050373584,40.1937012032936,-3.8059938153709565,-0.9951749428760408,1.9345850378510154
B1,11,0,1.3952984531713117,14.631921877806036,30.081121698916508,6.303493126388513,-7.082557297148485,-15.029528814159612,-1.5161377476123237,-3.1640840624099438,-15.38576639539488,26.294459682599506,51.14393411613308,68.73598456402118,-0.4963530206933667,-17.70905082829617,-32.74697101105591,-20.26397014086063,-16.531097521089094,-37.99524198861353
B1,12,0,-6.493793665365566,-5.8442316507813965,-9.194578169034981,-1.493085709241941,4.416700258047,8.501102552863912,1.3709496483935593,0.8139736308712253,-0.6032886550886983,-15.6597966265755,-24.113498739710074,-21.585501035397776,4.520320662628636,12.444314627609968,19.31902797065082,-4.120073172841708,4.904558895822987,-2.3469511633494515
B1,13,0,5.305641403907098,-6.156408951378195,3.8251863900617264,2.5808831084474804,7.317150277195824,10.622239999388128,-0.05830492867942437,-15.828242869255572,-28.73684832329664,-3.7459244082968737,-0.11804668084527792,11.074705726458598,17.43313133814648,23.2982975478998,25.16131117444659,-33.976372948341854,-49.99808423324372,-64.95085317475666
B1,15,0,2.4021912045917286,-2.2511243901863365,-6.167647348319425,-0.13947339014652832,2.2630470508564375,5.375533351897607,10.571097650969566,1.6106709845563265,1.705677899866454,-11.17149942776806,-8.843832827375442,-9.77728292650503,4.994763978313354,6.99723344393282,13.127791460442165,25.042847334252237,17.73864943163344,2.735418575538492
B1,16,0,11.507578167931486,2.6696481432598964,3.425433685650134,-4.089127011748828,-2.5259317522377103,-0.5492478745035234,-4.799984883362898,2.4865584834889742,6.35030674424311,22.68756657283663,21.094614219443645,7.675822942152747,-5.976288220952322,-10.348059453922325,-1.1648787672759324,-4.37378741880643,2.2147367214508633,15.349076328381097
B1,17,0,1.7418685977778672,14.3334921268584,42.63110765144987,18.309396850086124,-6.7084734968328,-46.35031310688371,-8.679839726943534,-18.476199945566787,-21.072992618089163,42.18599228307808,57.591901821307935,101.59818837713841,-9.201625851100141,-24.7690526543027,-106.37876737861164,-34.66452123820578,-58.828435738320564,-48.950139761661674
B1,24,1,-35.86450256877291,5.5472776876622625,38.03599363942636,36.25561153344224,4.26404919093968,-44.70818853915702,-12.650398334467285,9.167080040352472,30.546059189401387,-7.946635014666911,-5.735568948504146,86.28454375528632,19.26867311393777,21.467764154084527,-105.51058455660274,7.2471811010220275,24.897553156341502,68.58763539743197
B1,25,1,21.185515743807926,19.406869547648455,34.79427717867166,-37.40169299084765,-340.6542658762691,-613.7271183590531,4.506284468618968,6.0769751052658485,10.626796616753804,83.2767146111179,83.43005822116376,83.30472692081713,-671.019391941285,-1112.7641935056245,-1403.1274806124563,22.889015641016247,22.67106812902638,26.16476556434474
B1,26,1,0.9947373111779014,-8.070609482141041,-15.229468810287244,-1.6535549954124376,1.8929447826846841,5.601180446064723,7.56550039934777,7.779978501057998,14.650526120973185,-16.765455543251658,-24.296245136009727,-33.86565937417987,1.7000295393596723,5.346241166138295,12.91969373776894,27.564447617060495,32.909094480227814,34.98827995059862
B1,27,1,-0.20346196435054514,-6.86711577107279,-8.673278416820306,-0.4085192031754817,-5.597923142814301,-10.811204467316216,-0.515314281287129,-5.4147899834723185,-10.017609921972188,-3.1509642006169214,-17.157569651574228,-19.050104750078972,-10.71250307838325,-18.55232569039947,-24.635611018556077,-17.470451270553447,-16.88991087278194,-23.603234593390937
B1,28,1,45.40295718290036,-17.24857999048806,-45.26759665521105,-60.28753627163421,3.4951966718508256,44.10211944270043,-34.863154062898744,-21.640326140626804,-13.431992117339657,35.605723327645954,-9.771083476709782,-99.22779556864035,-79.15600419698661,-30.317932938237156,94.70328008737779,-85.67750657608227,-89.32795698953528,-32.77495898956408
B1,29,1,-19.22537603922067,-4.6250033940400685,30.821941519281037,-0.08568072653416126,1.09056030660475,0.704204159080912,-4.278551675765392,6.8326811696578815,10.600975235809075,-1.7784080625379486,-11.43102779054875,74.06878299870377,-1.3369573387366094,2.877628673751851,1.0863176437592976,5.08834065992503,15.204079533052106,22.873316609483567
B1,30,1,5.613357502128964,-38.618502411632285,-62.238916875577885,-34.62010177102863,50.80572087708886,124.16216983898146,32.16994326950674,-54.56605856591999,-125.46484357774698,-59.488880017659014,-108.25164555737763,-140.74742247554707,53.97333901721495,142.82756633315117,281.575410435311,-55.1089114799273,-154.6161587552152,-283.6683461439879
B1,31,1,4.082174048034094,7.316449642311144,23.336250407888823,-11.634964566825321,-8.583732695086965,-8.963519648529289,21.554173699359065,22.14640713823141,31.235328181801417,23.274171674144426,34.62119681009754,56.426320091645444,-33.810272387227656,-35.374783472315464,-21.610997577617145,73.25427924337046,86.92841627511143,74.11978147907068
B1,32,1,-7.830691813412369,40.99455477299859,79.65475482665978,7.409505246086128,58.64130689865306,107.38418018389103,4.3465760776941105,11.613931788731387,15.5457441364194,56.21665241332917,125.97407426034088,180.40428615842404,119.41552949746436,193.65087987105795,246.24717091758117,20.534944643517356,39.316242429321335,34.080704624526355
B1,33,1,-4.770405601278327,17.92523168483603,49.363966849767564,-7.4524231441463025,-15.102028002953672,-22.245663551936985,-3.954551189762902,-15.315531215320958,-30.2921174588437,39.67412129886018,53.62199065705237,123.51237539882,-38.259848349910214,-51.74393412055204,-51.81089356281219,-40.32326558055928,-52.274602578762455,-72.30788858748511
B1,34,1,-5.225596454819633,34.231935745126755,76.15859846221173,13.973026917140142,-3.1136298284711117,-16.210513513491623,-0.9038429351687768,-12.496664169008866,-24.785180586656224,59.120944315438635,111.89447114602804,174.9642829890334,12.661944842948976,-1.5374928112686375,-36.070292519456316,-24.592070981986478,-42.152483558735824,-56.8013654882713
B1,35,1,57.09383402294716,7.049875853808407,-22.26164520669546,-80.44791469374366,-37.24331278428934,-17.61441762390065,10.415537852567542,14.595015757066525,18.85210795966446,96.57484194912574,61.258397949986154,-45.325339189860934,-180.18568154952297,-172.12668732163917,-48.013084528640185,38.340128975123775,52.1381750556138,43.9864893270364
B1,37,1,31.829860184097793,10.950946677352572,25.34686990292263,-45.663373053148895,-44.1079799660089,-62.207024424393836,-29.061600117645227,4.437081549771129,40.95926122375587,79.77030212915065,78.18868471293865,61.05194326546028,-157.60386817961242,-176.22169366320725,-148.28952163425913,-9.261166500665105,1.9787906312747563,94.34270835791732
B1,44,2,-15.177048481549814,1.8344957149151975,36.83668898266602,1.8042211033567817,16.354333929302147,29.290676475188324,2.0830003423683006,6.121670106350211,9.190812661075258,4.728434855788957,12.217105311439854,87.956016316274,32.85787515673259,54.11072905720097,66.36597118197471,18.972556499728,19.5828518474999,21.4412892659492
B1,45,2,3.491007719669496,-7.4400372484233275,-0.769009280475328,4.377290041052764,3.050738806264604,0.5316926112133843,5.6332375299888975,-0.29422501060628203,-2.8275492086746263,7.858384734924172,-11.18231740727511,1.2591962451575043,8.956233636565512,11.222618051344751,1.268585083955312,1.040869468845467,4.452291192945721,-6.054357569049931
B1,46,2,-115.03746096379788,53.44393853957352,183.17857124065992,136.29153936788504,-62.398276014501675,-238.24416201220367,-27.15452359966849,29.859243254017127,65.2286377454026,-33.117957711115984,96.66611984716513,409.9613793046866,2.486679454997819,-120.70968606400055,-542.2931397724066,16.866598315586195,71.54699313178973,144.3097937905259
B1,47,2,-3.3505763006679357,63.167887983206754,144.82737574361917,-3.6092840389099408,-5.497213825873385,-1.3373074521245123,-26.899504632047414,-221.9206648588801,-399.94705895443786,120.04477119334256,221.33624781886726,330.64001488326755,-3.2699947865553396,-16.9504248520291,-1.3401728277657106,-442.10033584034323,-727.6408655257399,-915.232817609569
B1,48,2,-67.7449494429992,33.6306460244236,145.5968242706632,68.19707759960471,-37.546798552957284,-117.44794137269224,65.5363303572759,-30.588105930811064,-104.46404192109726,14.110400642216664,81.54396979879212,338.9300186455404,4.2167211817022725,-72.99547390306014,-263.9855740822011,17.776848115139195,-53.46316643084637,-236.1725634261543
B1,49,2,3.7175795736534245,3.7912733348244676,6.92414360555689,1.6794120424089292,-31.921056491915184,-62.2510650314891,-19.405332226881487,-2.462248751753928,-4.624536450135644,9.477936410581817,18.365610784987407,14.499964468327853,-58.701290120005204,-101.1627364216916,-142.31598699704173,-41.67244943435166,-27.940724725925076,-16.23422996431866
B1,50,2,-8.525492223139237,58.140379450123426,130.5502511672966,-2.2451537099369734,-261.57679499397796,-489.78645301835826,-20.62919610188375,-20.74933326335414,-29.64254892006422,112.11194196173655,188.7183044586908,301.3750108456533,-478.40736247907853,-837.7986643885517,-1117.4942426685643,-62.09199438124215,-83.97368558450438,-69.6213305929669
B1,51,2,-9.65224594074234,-24.404504701921272,-28.24138697714771,4.118086106283928,126.10658763406644,236.71774653206728,-7.585427365685806,19.247313106254843,42.606409908752944,-1.3788824650062892,-81.1480534877074,-61.66839144319873,239.0770430228307,407.6013358220753,540.5489743938011,26.207571534216086,57.2155375973203,97.5424912806248
B1,52,2,-7.602146886153667,-24.060247670720535,-28.60092371319961,-6.117254343052437,28.844535937701387,56.96487374801969,7.1098823883413615,-22.930917894089166,-48.164753724546074,-33.19155730418381,-69.28142840881294,-69.59777330671528,43.97971912725133,87.69315155044816,128.92787703682848,-37.87689488279579,-68.78025484693316,-109.18160524373873
B1,53,2,-7.488273830816583,-0.2975568009480528,5.2860783038002275,-0.9918114052783432,1.7343068272114122,3.865223484296288,2.6376373552391086,-4.0866276734973805,-3.1925959766575733,-20.670584060518824,-4.526260865900607,11.345918943009973,0.8766159930957107,5.451596848227385,8.361716579743863,2.800119171342432,-9.65381686948696,-3.8031410390624885
B1,55,2,-54.558496515131814,37.208975106497604,126.25226215380441,84.11821597797115,44.31254774805834,39.351784183283876,-42.19130935677878,84.29694214213046,167.42152135342846,4.162926026647482,102.633136359436,282.56864283913524,203.92479400070187,203.77943182476326,100.32524802518589,76.6961304163974,229.8442792385953,374.68298018186476
B1,56,2,-14.319219804476853,35.19735330652738,100.2086390464565,8.810574676976417,37.13208696892511,65.91014168798525,6.590221515045768,17.6714842175778,25.82305871011502,58.465071672584045,122.29086929953985,229.71444445339648,82.42938764649803,125.79487204321828,151.74603763117366,41.35422102120782,59.08863554877879,58.34287380485992
B1,57,2,-7.19234682686893,-10.03970318326463,11.861537779150535,-3.475679355570439,-9.082446453279347,-17.329387423181952,7.753471966225584,5.877248235229105,7.422639612346555,1.2690357692129035,-15.699500596455575,25.45113611972629,-25.309148186654703,-33.11626264638903,-40.214970425664326,28.412895131490902,24.47891837172698,18.41730494889991
B1,64,3,-21.17035970752059,48.88531118789915,85.14256046167877,3.197095945588568,16.22565931919711,31.062855015572552,-4.041324297401969,-15.52374369258024,-28.198418061329257,62.96398965620262,110.4142336227989,205.1439972539756,35.08863790255862,55.94094612593377,71.5349351140804,-33.419609183972725,-53.59374091749434,-65.23899981759838
B1,65,3,-10.905560166807353,-21.825457958462607,-44.03524987315497,-5.440846349624941,34.45028474740638,67.08557566555022,1.7238085501623814,-33.22660410481959,-67.15249165742338,-60.9416335859519,-99.17426348014153,-87.71234967548727,54.12236772241358,106.22169545593631,151.67812187574353,-60.30511299585525,-109.7302765507522,-151.05244149717328
B1,66,3,5.693202590301006,-87.10618520608797,-194.44388477821582,-4.754127547929137,-94.03977511488522,-160.54767193222511,19.999310015886792,-83.20053830073721,-160.55955498666006,-198.76297567529446,-287.18004242936405,-451.91981377127655,-154.53690793911304,-297.50911290886495,-362.9869204501049,-108.85026348508123,-249.1406598527723,-361.58170535789355
B1,67,3,12.987432510051738,-28.468686740133244,-58.494107044237104,-16.61632001322959,-26.603688578713818,-39.18538754745186,5.918309520796376,8.366127026689647,9.017101491496902,-31.121821747109788,-81.04296509416663,-131.43618268166423,-72.93400117646779,-96.27575348630558,-90.69973282339602,24.09049675864809,28.662040577904218,20.493842313332557
B1,68,3,-9.795653422758193,5.452555479843504,37.35900321583358,9.984131550246282,-10.8256361062937,-26.72998965034628,8.6039372411174,-3.569999165432908,-19.361622307545694,15.032071164327636,24.50317250740781,87.45232725490754,-6.084067808271506,-28.343426180401764,-59.71393168452497,-8.063994428830553,-9.140411099849851,-45.045350187611454
B1,69,3,15.593679601247047,-10.065190001868281,-29.692753980482593,-61.44333976038891,-40.84065547190469,-31.340482761509595,-9.912944885914724,32.05987580174277,61.27751499466125,-14.201052522113041,-18.787695463569282,-67.83284893094921,-151.11515975738575,-168.5283622445031,-75.59018460515335,34.76641167841564,94.25997317769459,136.8273545463259
B1,70,3,9.713684491161489,26.630347792776856,42.81201680637041,10.078121062116034,-54.117967761449634,-99.64087604116776,14.779188161544571,7.319987071892318,-0.34112642884809374,49.98184304157892,94.36392733978845,98.56892158329866,-71.73970752294517,-161.94256510501603,-224.0099355015463,27.863413370217266,31.51718677462522,-1.523517841197897
B1,71,3,-33.88756919695688,56.20522121874403,122.47741718485265,13.717942667307657,94.53658056597932,174.76371704495733,-2.5906385482142724,-3.0059285608276625,-7.964487450238145,61.94838767268536,138.92050452115598,290.21420646363885,200.80630875577947,314.36521974206534,401.8917350807598,-12.039329226470528,-13.486454500182177,-20.11574478812144
B1,72,3,25.718921926064613,59.865972169631995,115.45664174327462,4.617077163157265,-92.79974358336375,-166.472124855158,25.16678138661013,-6.427201860692872,-29.164539048427667,151.14797810225016,227.29545069869206,265.08547245523846,-144.72691440983863,-288.34564504434934,-376.23941089175815,24.91178275407372,-5.26062977806787,-63.52117759521065
B1,73,3,-24.252012989280335,17.149696308602113,36.994207873484775,3.4909739790605143,7.341758139900431,14.10834661819051,-5.193986816083729,-13.421214565784707,-23.046687688790037,-3.840044524567519,14.671591567735732,96.20077238451012,21.457030192347993,27.3023042158938,32.87413221565925,-32.740901853163756,-46.913166871305755,-53.13911526700795
B1,74,3,0.059550039135539495,2.9465701334452064,13.862489622431577,4.808993363044135,10.81814242820386,18.5855481938688,-11.39947402844165,8.237761226224166,10.331689075203588,4.562308377584588,15.602228333115097,32.456559490070674,28.857558952915202,37.843657822881234,43.62571041982056,-27.103133367770262,16.47033608469692,16.455662518895178
B1,75,3,-5.3304182590842695,18.80559922490558,58.85382598405346,-9.662629668517114,-9.870276076548219,-10.609796281408954,-10.465497020723099,-72.42641001092278,-132.8855145067604,40.734192454328515,71.37060390005075,135.8064917459676,-27.845846261443988,-36.99828240143267,-24.688484591070434,-152.639856973569,-240.33974928855946,-305.0167387278653
B1,76,3,-45.34118643106963,1.6202655286112773,80.34362079527241,33.19983781524197,1.1311621901849906,-51.74353554376884,-19.609774523686408,-1.688290305170535,11.630793391476827,-6.051459099086148,3.893266663051509,187.37572452435612,8.604903471616774,6.07750576943045,-121.59179088915018,-20.999648879171815,-21.229604723351613,28.41540819148234
B1,77,3,-18.510477694341294,10.595278292666611,53.90108069311593,2.706071369093534,2.6673004356245444,3.811141163900685,1.5839104333451262,4.08321622489717,6.755385693073083,18.205383599850496,33.75069106917828,126.42816755185254,6.625755580571596,11.392827217173238,8.62785681103609,8.73000455166363,14.107192669889752,15.516134821538003
B1,84,4,-10.624387513137924,17.502689452250937,56.253980913105785,2.8127406062899136,-10.325057735361643,-21.238850555895482,1.104106921784879,-2.02286843812872,-4.442637307233811,33.76202379340643,60.59895686400303,130.44372889173098,-16.57952489061855,-31.334525686777486,-47.987533136447446,-3.8407622367618366,-6.007579533371083,-9.46926863931704
B1,85,4,-4.041847779271874,43.37648651419561,107.62089767329924,1.8848720982633294,-0.5187444034925519,-1.1427780025039258,-5.069026270501037,9.067832169580186,16.09960486311358,85.61226635504033,153.73690389389085,249.6663576077644,4.50275971915141,0.02329705879086913,-2.0291446214140816,6.260194826578677,21.93987397335478,35.72188432213673
B1,86,4,-27.472727800214294,12.596566187772028,32.77427505162625,1.6941087354824078,4.28275204958392,9.725575436402007,-2.126934300634673,-5.0125761079752476,-10.782001696090216,-15.672979179572295,3.657636394133369,83.56319052212358,11.809942702911556,17.47823767796032,22.374669767795982,-11.177810362569636,-18.150915045981446,-26.99567295260769
B1,87,4,-0.12842657614753328,-3.741861907280437,-5.221007257675569,1.7409920775006984,5.705675270552123,9.24717172104855,6.525399916114014,-8.97777457091715,-19.339527708463965,-22.236825396323113,-9.924899088345619,-12.559078204689932,12.76109518881571,18.874354090687884,21.548880581754783,-12.152708233340846,-22.2037569261864,-44.243117410512895
B1,89,4,-37.52463531904922,-0.3206893717026231,66.65394149804467,65.19041184026999,-12.351065147855083,-113.85518671239731,-19.642824752673505,0.6819592105842247,17.37251848213242,-2.534300545352971,4.429615699830387,153.54933469389445,3.4217590339541695,-23.241749781531485,-265.1704895806675,-16.881420810766244,-11.345592620252765,40.744151027090375
B1,90,4,-33.533572745309726,44.527509514673284,96.28504867763178,18.727217138361677,59.41762465812823,101.9547643673303,-2.802346266376772,-8.043743079312247,-12.403760491842723,35.38427652499258,98.02898141243085,230.24066476408726,139.63441621198143,203.57687435866288,235.02964389308988,-17.38972937844188,-27.712675380755027,-27.480029577225068
B1,91,4,6.628951274963489,3.9444313632342682,10.687201539211625,1.4656030262971262,0.8169368588991932,1.5927942826273915,-3.221468484832358,3.0209144526094858,4.233855739835325,15.523037318054905,27.364199347665114,24.03501075495084,3.8654211125931246,3.9577878003988256,4.199091022092006,1.2885870416939584,4.289530654194709,9.162226654659705
B1,93,4,-15.888650071790066,-7.688321361935696,10.468712958455313,0.49742936048589614,1.9837814416220012,3.444556315171958,1.941590842968712,1.2242498685958736,-0.2575959956556375,-35.574594786540644,-16.288795688446967,18.37619817454896,2.164917267378051,7.314604305136405,7.8527686396007725,1.9983261646338593,3.5413036403869147,-0.17991816627889168
B1,94,4,0.6862464063796105,-6.826323192176426,-21.721655854500575,-0.6905728503959838,-3.531020559994824,-6.235269446207292,-0.2735077527571923,-1.4422100421497654,-6.722526152544266,-18.648658513849256,-25.822037978014148,-51.235370787235574,-7.058259457690181,-11.687306636005685,-14.46894621011723,-6.057016396657293,-8.946465661902776,-14.82848447134394
B1,95,4,-13.001115195556988,-0.345908102965095,26.538176508992482,1.9837083855133801,1.0651732964465155,2.0147667483026783,-2.2477698592925184,3.5602020440227164,6.416319308684052,-2.927085024142922,3.7753835276952326,62.791314707591695,3.7241189920630355,5.590592596798964,5.172927443304829,-0.2775469728077387,9.240473267135396,13.745224739372238
B1,96,4,-13.473647083752963,6.906190565715112,27.355351959866585,0.05280091839573913,7.101092637504862,14.83896406938485,5.557886135091467,-1.9751718636860136,-6.560537953571323,5.553026271662709,11.025947613296893,68.04966267501305,13.983064468191378,23.536383253893266,34.240338982722754,2.727594349333641,-1.71848341055327,-14.600318982828636
B1,97,4,-0.991208253394961,17.408651356009326,23.229175420570332,4.341035648237286,12.289198778692379,21.75643497082553,-4.247778931520779,-6.927398244160134,-9.633202253492634,18.020683688050642,54.29855357500707,45.57757913555036,30.360228237665694,43.00673701275631,50.06849163921624,-17.182659135075383,-23.52509217013853,-22.301002265085728
B1,98,4,-7.380767969960752,-9.620102455735276,-0.438121338961846,-2.2953918968645617,4.31783127816005,10.56491216187977,11.079472582793525,2.254154170412267,-4.426114350151456,-18.282123713724378,-29.35670905899874,2.4729726267366283,1.130505461387595,13.796154027216415,23.644058615103013,20.344527486197382,12.956664163426558,-9.381773993327933
B1,99,4,-19.823645470418857,19.284835286067796,49.43331453132261,6.281594346480193,-9.896230009860352,-24.15686960644435,-3.8991426229374233,0.9112119652077229,0.20294834437726605,3.841970976128814,53.86961375964145,109.04638733389123,-12.93740013254737,-27.24160912124588,-55.388457958441236,-7.195696615015033,-1.7285396339638979,-1.172395747901669
B2,2,0,-24.98395619728612,245.5361110571679,491.34420179477854,-1.308270878664165,-33.002751262706425,-62.631021000172304,3.0731672493471605,-13.120712750864541,-25.34606506599365,434.61423251601167,769.6219212043566,1129.2562676954096,-67.9531556382124,-106.68327490579686,-143.60330378924192,-17.831383079524212,-39.18329235459571,-57.44369133509305
B2,3,0,-21.716487645319464,-25.50853929584769,4.48112289227264,3.785742538774115,3.597457133283952,4.13852665666632,-0.16816723139552064,3.565286894567739,3.7212961715799406,-47.677638458522075,-66.6607642769095,11.731940740763468,9.804453814866704,13.672767751323983,10.081840998093138,2.849270592894336,8.919259080819291,8.227071754418787
B2,4,0,-12.77086065475868,15.402951087388463,46.06901269363646,-1.3467599776306012,4.905362744358399,10.665598400750575,4.084267461203212,-4.790897914591123,-11.739875247739269,30.188787218995305,35.23050979573669,115.99554994560039,7.122941876583497,15.300646782181508,24.10624543987872,-4.1832844327153555,-12.169340733359787,-26.807770385660017
B2,5,0,-9.87787402786042,-1.0311945757678986,17.049527660966362,2.177524351446625,10.292577854044186,18.84938552764333,-0.8908026550216683,-4.867544978962198,-7.369103289043762,1.8852255753199492,-4.068765984453641,41.929550375655076,23.760856974474756,34.03797562749673,43.9374162520217,-9.572857792615967,-14.520865373554761,-17.461065684645583
B2,6,0,-48.867990402234355,178.598784186094,387.75808086168144,-10.063025192363083,-56.04163310018894,-98.38021323934298,15.951643358739586,5.690402725638311,-4.595781703810863,264.339877464906,558.8806938445292,878.8364084007719,-112.29800718757163,-185.81428537513185,-224.83730833013993,14.565842725702565,29.711175993046883,-12.705506922308421
B2,7,0,-2.3379356131826023,181.1956068737464,385.08214810579875,-6.1383032765742715,-11.546582987638963,-20.17830500549588,2.144682365127924,-28.84903227839668,-63.248184086529974,373.1559271080589,609.8337532366895,881.3481037336436,-32.79000102008644,-42.75862196956604,-46.647712147677275,-57.413851809449916,-94.65940782031845,-146.17795120631854
B2,8,0,-57.29083012931485,33.39494304652187,134.8908282426798,8.134658462927673,-11.943218658030377,-29.076793123936326,-3.2569004333517704,16.353101659972758,24.96629780602684,16.08716981443461,91.75005426652658,308.60251440692116,-13.131971548404978,-33.41195036664318,-66.051845340207,19.539069604513482,43.98529966330071,55.87787774919412
B2,9,0,-2.386885757488677,9.284242783440565,37.88737580928155,-0.3184225212270123,1.8089447960307052,3.7190695648952747,-0.44916313354626874,-7.502078333525396,-14.596767925091125,29.708550960257647,45.5857383399213,85.47032990811739,1.5164639095720112,5.946136921768222,8.381916803526062,-18.438559053727737,-23.723157876998442,-33.91212933876615
B2,10,0,-44.09429873779073,212.2202900394799,431.00325622080715,-8.31604307017455,-47.99829363582846,-84.92527938051553,13.927117411575647,1.9837530981277989,-6.637743000740166,327.4315268330515,655.5447755780527,977.3268629683553,-94.72671981455153,-159.25329020705956,-194.49168281675634,22.404820134919,14.423505601687973,-13.685385025316897
B2,11,0,-15.287301588293786,119.79110643286245,257.5870208870128,-0.5776979116058845,-22.34340963086462,-42.668620525831884,3.4314038133376097,14.704471709577213,21.932414805823868,227.29156068324082,390.3478690952469,587.364783862356,-41.29104267279437,-72.68990036127987,-97.47846551302698,25.624912599083828,47.57859639230847,49.22559072006552
B2,12,0,12.727987915515238,-11.95609500630672,-21.951041602740837,-0.999014393126873,13.697501590429692,25.29270920040145,-2.440119675997531,-16.316763881879194,-28.67351610227591,-26.19825358157428,-15.393507801787116,-52.88278144228926,23.401802656657566,41.876819676455156,58.0229573026025,-38.7382575796924,-52.520612569798175,-66.66033661399993
B2,13,0,6.310329647383773,1.0810536332269602,-1.1835290092547601,-9.374946174687913,3.082196592861461,16.361312388427617,10.117065874211,-7.501720548793045,-24.510183425592345,8.315870656937873,-0.5062550479436898,8.693488244072734,-2.1392887768614646,6.504445603137678,37.210783388116624,-4.112356239205572,-19.497569784464208,-56.07088606752182
B2,15,0,-6.005212786108681,193.02892968383486,377.7637218031998,-21.876081691535934,-37.715479407301615,-56.6083375428316,36.33020427073688,-17.234791789724078,-55.49416668206442,357.87395359312546,626.4891051288186,858.9675364876006,-98.57088264700586,-135.3423542186067,-131.07940087538435,20.6376815142048,-31.936165424693275,-122.72072276443896
B2,17,0,-67.76435071152389,61.56698015936198,188.97466102771554,3.239149039997381,-22.166236498321943,-40.49557628487324,15.550683498365684,4.973443583803122,-11.264786618484056,44.07445550216999,171.72364284711784,433.0439873516834,-33.84043595506326,-66.86896199425104,-91.2091924733311,19.438022496621038,18.573468000874936,-25.38711038549681
B2,24,1,43.92589709226692,19.158165056326478,47.180959525546044,-7.00972416262837,17.790781762798524,36.987786369285935,0.9038049778818692,-23.25180126086074,-43.3227607680028,145.95987248446002,106.37948727957257,123.46699127427554,20.633720387285265,52.06267127596756,83.19215939382796,-44.62543099151617,-73.50783717375343,-98.06724547027937
B2,25,1,-29.452034902076164,111.98024884436515,227.90505453559493,-22.02298488019876,31.137349329405843,74.43133003710778,23.741748121949804,-30.88426128103401,-82.97819565661906,197.76631194842187,322.6853743224191,529.1554218658134,28.08164756735569,86.39048338141244,167.69494321026562,-34.92082966232875,-87.77058189511605,-190.49085522620663
B2,26,1,-34.47032132345291,182.38846965091616,395.3957229377987,-28.16109438946436,-59.27704463223595,-93.93601636956788,31.87453649940015,38.72769772083028,44.633022226528894,325.48670143855156,563.0638068481946,919.4897800849427,-149.33635800988188,-207.80480750222065,-217.85884890216244,105.36810164773976,139.59903716413055,104.02758085781991
B2,27,1,25.50452817494777,-156.95245383913175,-274.21003113040683,-1.409451196107239,36.37580099664049,59.64061210242262,-43.868218165496764,0.8215517385391782,37.86911888927572,-242.41111667926933,-455.72111419147143,-620.437876342979,53.69501439297598,109.07416924287575,134.2475092974986,-39.38564613948215,-24.673712658264748,85.9899412299729
B2,28,1,-20.804023832748978,-12.380360900429558,15.296268434647603,-1.2984505105939628,4.355632290307182,6.2184094038500906,4.70845858715765,-8.545847705829992,-19.076033756465943,-23.321663537898868,-31.476586962575965,33.78055839390507,6.088647516647747,11.152933523703817,13.445170054364786,-8.858551658740836,-23.95533330132896,-42.19898678960205
B2,29,1,6.970836634213723,115.60899897200594,251.13756011566042,-14.982290996141566,19.842037128118175,47.88697832555643,19.853423403171288,-15.639691047400737,-50.86833418787709,268.9102823497317,391.2849906699959,586.7493660361696,15.699571842879276,54.14580538844298,107.83558616925843,-3.436553237584243,-43.382341675611514,-114.62862723215325
B2,30,1,-32.879448600965546,85.43789188356983,176.29203288452646,3.549233483408121,-16.42303669518844,-30.303705890106166,30.470932099632165,-37.046682973111054,-91.81242312751164,92.4910187277473,250.590856794115,396.6948352702492,-20.096332195815492,-48.759643982485976,-67.96228693651604,-25.878738143050906,-100.09431220807966,-207.12861024851549
B2,31,1,-17.45112198021245,25.86708128285606,89.92448381570499,-0.5215705067540923,24.18029556073371,48.969816906996265,11.96147217427172,-11.202087032593154,-38.10692257138278,52.66109335342303,81.33702466470987,218.75966993329524,47.40274890701444,79.1721958243792,112.196037481576,-16.87765119760879,-32.957506143835936,-88.56424077936092
B2,32,1,-14.536845387938309,137.01881486604285,309.6177014909792,-17.120478869248473,8.781330373210968,25.29591967357326,10.248932967884418,-30.586071058916872,-65.63874357560209,278.2191084226619,448.5490730451014,721.012933850658,-11.013080973288794,16.207589559973943,55.032986500918675,-41.73658977295072,-91.68762134222942,-149.7737917137402
B2,33,1,-142.7673987804108,-45.701332240988506,34.545835129519496,40.84411796465992,8.600984637110013,-8.430896542452409,17.50148156504363,34.66805015846791,41.14025031418364,-239.73520400675508,-240.39460426015458,88.09399992194113,73.6666233841913,55.983116387029284,-15.269764449490276,69.6873703732128,116.1811999396727,91.96330410470505
B2,34,1,32.954155023177385,16.680951453802688,22.881725217620456,1.2277010689707266,35.240958067267336,64.43019740516927,-8.750411626697925,-31.73834436995913,-57.95509629456446,116.6224591597637,82.58514976820008,58.86167070632466,62.12709835807199,113.17922292789768,146.79752327945084,-77.86563894334948,-108.64114350374446,-134.64870878722735
B2,35,1,0.6732260456594155,65.17549947331337,126.79002363384305,-7.163179308878757,21.299737719219713,44.54818457551643,24.47948030188466,-30.805401258559634,-68.77367399256616,122.11557277908693,205.97778732949482,297.7896594964598,27.99735067919008,63.8161952159217,100.64549310084944,-14.07923360548869,-78.85938642165509,-154.50666461559587
B2,36,1,-102.5439654159861,86.65711097571342,268.440489953853,13.82031322867919,-44.7562804292236,-93.14885152374204,10.778455109883971,4.222284952242558,-9.540600660341282,74.7689517714639,224.39477801037071,618.2766430465459,-62.65992179583743,-133.47800685969452,-211.70046495724569,12.793929204365954,13.655013998801687,-22.283780623918204
B2,37,1,-26.129320620920353,-10.31453938965885,3.119774376419735,2.2739365788603174,9.033336623056682,15.637408760054386,4.610703240124193,-7.345820323067587,-23.296533316799124,-35.080784215775715,-57.04904320030042,15.401875186725027,19.82747271110343,30.68364479404666,35.53220097961414,-15.07029142535303,-22.243854934246773,-55.88352270388587
B2,44,2,-40.35988682288181,5.251433043736584,66.08225301419863,-2.3721421548205055,6.487034774774664,12.670065440397883,8.574892852380366,-0.4853657336439938,-16.300183023645967,-0.6556215973593222,-2.484358323618598,163.99901072391194,8.267796937696874,18.908784658540306,27.900532914197917,0.6696867518672156,-0.7004862612546564,-39.488187255054775
B2,45,2,-31.82638633421377,147.59908150662184,287.78725417101884,2.122454540281491,-74.67067827842082,-134.6383933850327,11.98341824532857,3.403301789089089,-4.543896292964755,212.72747957759358,446.36917758049105,651.1324349062561,-124.8696964711501,-233.0559651976261,-305.51270551284307,17.225059255459474,18.224751700286973,-10.902773801134526
B2,46,2,-17.023056442466622,16.262519208235137,92.81216812479276,-2.647309251707846,18.353399567286147,37.39723189300455,3.3526741200247474,-10.090819606609543,-32.42513033905285,56.503003575870004,74.71366691097433,218.88863365583595,31.388212694277872,57.40908572420824,85.6550193509568,-24.43649896411973,-37.894983551020744,-75.1866791839877
B2,47,2,-1.1945497497093196,-5.204268598295303,-9.587712966163135,1.6385854009075997,-0.9416524348172238,-2.293183305038938,-9.836906707348067,-1.7079969065900764,-0.3867938715155251,-18.977847758229096,-13.048649809748154,-26.577203465865065,1.2559990466434956,-1.4472013835084605,-5.198550948131589,-3.5632257203371225,-15.931462067733474,-1.7683593566230342
B2,48,2,-44.755634555010914,-81.07220989202143,-65.83603761074335,15.335936146718545,4.297172529622134,-6.958195506358989,2.785600962843707,11.108111780843672,15.9168308128883,-148.56206554778393,-253.2299631382213,-142.90838032649071,21.87653221576842,20.973790855715183,-15.341205440697774,21.961275491020796,34.963171784350386,36.792579588330206
B2,49,2,-19.610721014575933,133.13179377782106,285.0774174245299,-14.45057646964674,5.674479574294052,19.230406812471468,14.345588056060876,-32.37964850043677,-76.37499252192207,268.59467667732224,405.6188739031632,671.452558254314,-13.999187964372817,9.481420856505217,40.93342564896509,-48.212169236023534,-95.8874409502936,-176.11906369606925
B2,51,2,-24.03647111082232,93.57524205233828,228.19236098640718,-11.018574995372234,14.576692946526045,34.09420383759853,5.161433164835414,-50.67356490080756,-104.72431426186037,196.08173332347468,287.5122898272842,542.5631643687399,8.63001334806062,40.00162989872722,76.02272275382384,-92.12392538411622,-161.29401382975047,-240.0679728278176
B2,52,2,-39.364828875752,21.045266222065422,94.13687469373961,-0.9570046956915434,8.69389050159311,18.11974227863892,4.464469225289246,-4.724298233761065,-21.89059179905151,22.515949938323995,49.07167187298019,227.43417177731916,16.18721011319085,28.160603485018285,41.13214949355153,-14.497320196949387,-18.224927652320403,-51.36360204530661
B2,53,2,-52.822111429071356,3.7676023499661992,73.39967402364604,1.4534209518679517,30.700648428712714,59.54149358795326,8.843865281883891,-27.21666290399615,-68.5407815004719,-9.662274203726806,-23.796515987255663,187.05302045293757,60.717275988078136,101.77620108893093,135.9021080283218,-47.52748555067523,-86.67741902466503,-160.08072974201608
B2,55,2,-37.778087652063164,17.65472891620121,83.56593568557385,3.3704145700239003,1.1362691347519154,0.5633268978606154,7.09602440957126,-38.16754781210607,-76.98938698134867,4.36405798778719,41.755380377517405,199.31746055655483,8.695189164028534,6.80969816414584,1.5814507488145884,-65.07971225851234,-116.68195570379497,-176.56812923467356
B2,56,2,-134.81633976013248,-329.5461116027769,-455.71914749029634,43.35736219362018,77.6959918842221,105.38384426480827,-15.0384137163248,41.25542951218524,71.02450544090587,-672.6357774173499,-1106.7379806758618,-1028.8597709321518,179.10338030553024,272.4024256971846,240.16288520121515,37.07615010627152,110.94392623446038,158.66107391908886
B2,64,3,35.09013196816685,-88.07408841367567,-201.27731188657867,-11.009358926600573,33.98684603847795,64.98543095898881,2.9211430456095266,-22.02643712767642,-36.17159594025187,-98.75301714710068,-294.72892562112685,-432.13437947081826,39.64627041518311,97.95872578741998,145.68513563114098,-30.028867693088856,-59.18488358931512,-85.01596984434731
B2,65,3,128.72217027053875,-163.07427655970275,-352.0151813911574,-35.02692472813729,34.015517162004286,80.74425418920654,-3.1119288879715734,0.031863890334612455,0.4515869735944641,-100.66599067139373,-417.75774147570104,-776.7041836318215,14.105898470844263,81.74508996670943,179.41289537205563,-2.7153675936844084,-3.7388709766072905,1.1255281865696265
B2,66,3,-20.064589585022055,152.9868328230643,339.3704175160033,-1.5268145700829574,-8.769724652478075,-25.824781170282954,19.81652735891504,5.671325717934628,-3.784242445675422,306.3786953068542,506.84174358584346,772.1331378111433,-35.74747075858189,-33.575942803843134,-62.04537671280077,40.348891424146004,29.298535294780923,-6.1197833205614955
B2,67,3,-64.80109165310249,35.70409442113629,132.46898910932896,23.56575563435707,-20.96446311523878,-52.37716209076228,9.649886420878547,-32.75788818188758,-66.62581829261973,2.2899938947263476,85.70528203637868,300.64709493771943,-5.493708234133862,-50.07577058873135,-116.76359520404102,-46.02332500345648,-97.76239862990872,-150.39014336158496
B2,68,3,-85.43346262538805,218.42054924004577,508.54547979780864,-4.717920001495483,-67.31964855683545,-120.33168201522639,11.238177775828813,20.04900593095441,16.233451937289566,327.8620837559431,667.9705084696706,1161.25683234295,-125.5344713053132,-216.34048372211245,-274.6361494778008,39.952423362893725,61.902392131688686,36.11464019782342
B2,69,3,23.504174358352824,5.0989232333863725,21.186432072462296,-0.23839522621302062,15.597776564741856,28.34512627194452,-1.2183134164797091,-25.79299647115269,-49.635965564798255,54.199021746657486,50.652476518686036,54.30707808388571,26.092344145592012,48.86340385071007,64.56568427384465,-50.766150992095326,-83.71090219893343,-114.12434607925479
B2,70,3,69.36145034637445,-9.061178202354334,-62.863377960291615,-7.4342015878803345,14.591888152670297,31.948291092596076,0.24272760930888485,-10.275751389057264,-19.657559860280507,14.183210477082344,36.01252137792797,-144.88077068888802,19.59960695736884,40.46372372734309,72.49634602611464,-16.851241114170435,-33.31539822849197,-44.35394509905398
B2,71,3,-47.91691575307736,48.00508786752262,160.7010379643869,-3.202726993522829,5.398223951364679,11.253515926583502,7.0507022536246655,-7.435909645508103,-28.40379362427072,67.32152202966215,138.71881963592037,377.1081827689143,4.27050950153024,15.162073308835732,24.614511285572156,-13.135138886859801,-25.914643752224094,-65.5859063328287
B2,72,3,-151.15080973302872,-119.94090999032595,-100.62482972563758,41.09982942910309,18.313769759123733,11.559808396797571,-1.5676750644783304,8.346952543139476,8.013195496683764,-399.1633891959385,-462.8282673334865,-242.7987145834305,92.168729026937,87.9079489917692,31.379603765477306,1.9147249806748736,21.16455051013957,15.810451614247526
B2,73,3,-40.917053149605394,54.79280052973111,160.90897941400488,-0.509257128953092,-12.820668823118956,-22.96308791116058,10.75105240445687,10.94036931569812,8.426332624744363,87.68552892932517,165.27607697770833,371.9853291686259,-25.25237912268014,-39.24464429062923,-53.09649262656099,35.1333424924972,37.14745570932704,20.0285458780063
B2,74,3,-18.2426110326028,-102.76679554521856,-162.2258378242208,7.394106344056906,27.698066153814363,45.32735587890701,-7.310990770682083,1.321787723646617,6.831425220520817,-171.304683752817,-338.2524134348061,-358.1246594608982,55.246865921135964,93.69958012383958,102.98658341568769,-2.799999166526852,-1.990313697221731,15.300102609413369
B2,75,3,27.40381986671671,-31.87130060669312,-48.11600267526132,-9.774382399121336,15.254810348218024,31.735657259368523,12.408103769719352,-23.645339950063644,-66.43111631299313,15.913525440644118,-72.66779799497233,-93.30636977311397,11.471130789356273,40.772262618242976,70.2582799868847,-44.11836612836837,-77.04360157374629,-151.31006140541734
B2,76,3,-44.244913621888685,-83.87406713860615,-91.19349054221173,10.4704002850161,20.81816967933018,28.125944548433512,3.0970929828976317,24.76571114914883,36.450179623613,-169.66369917031693,-272.9061740742185,-207.24892799260144,44.76985341276028,71.10276367968335,64.24387950489144,38.40427779522355,76.93620661184328,81.87914772632786
B2,77,3,6.504898729469876,-14.298977607438585,-4.864161566197762,-5.461599620086722,6.390253015856043,14.724687222031989,2.185646696102011,-13.115625996288246,-33.521803575195676,17.539473443770795,-16.375586421077006,-15.90011144444766,2.782745645275669,16.8770681812855,32.52832187885537,-17.89775811833358,-47.712610688089605,-75.46158111022888
B2,84,4,-50.10771923732272,19.960013423913132,93.38183815317394,3.6643512721888665,-9.479901661008071,-20.994013661546255,4.836203642897838,7.4739213687545565,3.5086618158663065,-1.8681588552987851,42.42643007334291,216.08059848189424,-13.450623151220226,-27.23426943459218,-48.65428827948999,16.999175733046428,22.051112829714697,7.010723295273575
B2,85,4,-23.51401362724366,286.6182254806525,544.7073042308086,-18.73168108475276,-30.972607262088403,-42.72024467630953,37.44189149053168,16.625004478128083,-13.088850559114292,515.7111958646642,869.2685707314108,1263.1072146461593,-80.29986940464188,-108.74488326645371,-99.14752623201157,55.31579843748643,68.720036298491,-32.881434135333556
B2,86,4,-14.210315200788719,-32.236073904936546,-22.392096831235353,2.431351016033468,5.635821862337445,8.130790043953377,-0.29100203186653606,-0.9664386646775596,-5.184596299421261,-62.88539338031762,-85.7687669921066,-51.992873639702445,11.06757507497876,19.675070145009332,18.541668287019014,-5.7552949787353,-6.579262578720625,-11.777426186173008
B2,87,4,10.022875479926588,57.56406296065907,126.7190964528377,-12.268749341037289,12.06447781787941,30.129147238492763,9.326243906198991,5.296701326434778,-0.4609814594926661,158.1352541121641,186.84033248195658,313.8363604798131,5.4846291110347565,30.176163140592934,67.44777091617934,17.450219261849192,21.52426316502974,-2.2672009307466445
B2,88,4,-47.4342097898004,192.8401760054305,418.35960859192147,-11.213096197874709,-36.43610562339545,-61.4968090083614,16.43757019579494,-7.610189046838976,-24.357277016815726,301.5886670800212,609.8892066315676,947.7851538349285,-78.25261399274854,-124.72761123880461,-141.19971995156232,-0.871996590780506,-12.177838389126949,-54.10490644943047
B2,89,4,-133.4732766299656,-310.79562507994774,-444.95913480838476,24.76928246621019,37.17092460083218,46.072776784475046,-11.970831525921566,40.41388745083988,69.80920842579359,-700.7030082441713,-1046.4194185640479,-1019.4615871549373,93.75189368287596,131.68066356760278,104.84896235241781,39.42368471861352,112.74919014553004,155.3565519713524
B2,90,4,-12.194597891893547,-11.535079220348614,30.341583642344776,0.2642016754730507,8.40121240893021,14.844766982753212,3.4395873510221944,-10.493668640642207,-30.228707246160962,1.4619936870312837,-16.276501620806194,75.37201886824072,15.840432838305663,26.284715920317602,33.928172152234275,-24.595997027008426,-36.32662182684592,-69.92563901014967
B2,91,4,-111.58657086719141,-297.5026497450632,-484.21673930399095,25.476155492225907,49.67829360646872,79.6383885771321,-17.565866873349115,-14.438140274685336,-16.073088404463267,-656.5052994262919,-1051.364784969657,-1090.7116461588253,135.87993209611238,176.11720759900376,185.65429469054945,-65.05048645285379,-53.095186895778454,-42.50744208102207
B2,92,4,48.203053223191596,-3.07814097723461,-60.37741534236135,-11.47236850986782,0.5643961296690425,16.44840048086516,6.092819169913925,-4.822642957235039,-18.135494272309064,24.270592896485265,14.240228650375611,-141.6256974185809,-3.396193391424729,-1.032724567496612,37.97400000749992,-5.0051106026153125,-14.883929181471066,-42.017350105022096
B2,93,4,-18.33182041655971,35.658771740322,76.71772023193691,-3.111002235750974,6.076795396325265,12.323260013177995,8.954243360008574,-7.262329220050645,-17.360517538588212,55.64481807717825,87.61272060446379,184.11748556868568,5.898156406408015,17.057871610575422,26.955912109034195,-0.09677639849257044,-13.67132327220445,-40.786669424344176
B2,94,4,-64.89869458122838,114.30812320795155,257.31419280537875,-5.632183747317039,-9.626559411615734,-13.270348611486991,9.385808494800107,-7.378789784642642,-28.313920035736825,162.2468165733913,298.7650038438031,602.5682799324906,-25.134942196549147,-33.22317108308253,-31.21029097077697,-15.903901661503447,-17.72924952753569,-69.89321725532307
B2,95,4,-69.50844058281916,51.61931319060829,138.9705266826186,1.8760096797541368,-0.8979646255389682,-2.355152840186884,11.8091591908891,-2.9682655299537295,-18.57834021186185,30.368858240844304,101.97512644720092,321.18497309827967,-0.8943170093676521,-0.17358069418086208,-5.856949866053226,1.6937501153144123,-1.0224182993325606,-46.22707265016853
B2,96,4,42.250698005428205,-178.69468371702376,-338.68685519294047,-0.1521074374037144,31.32091614040415,46.26892079421731,-5.066197856936272,-22.194140186782437,-23.233510471001406,-235.79847104615175,-528.2247760854148,-762.0250086752848,35.92732381775578,94.13732799743451,102.11406241884865,-26.26607905077664,-67.38565389550509,-48.80972966192932
B2,97,4,-74.746133160896,39.03239698333462,148.9288323464807,4.6122835531002355,-5.767327452385328,-14.52973528912121,3.456035412572904,4.474177254293766,-1.0746392446481507,-0.9633380080947876,87.6240700567123,344.78536849268164,-6.489439378847203,-14.686453985251367,-33.83399679975805,5.784236359383083,12.078398356883826,-3.1524716432530653
B2,98,4,-36.98073410945356,-4.811076497776036,60.01958461878107,5.000018327372708,-2.9143499662150196,-8.095970540104576,3.68660439230607,2.2698258814920713,-8.124606334957425,-1.999617831173105,-12.81351177071536,144.61883603375773,1.350996488498399,-4.88985844038203,-18.087513896799244,0.2663752023389539,3.263578854481556,-20.586484444849937
B2,99,4,-6.567479915112298,83.29554803666134,205.3986155792098,0.49386754475414174,-1.4369890038614246,-3.8950887307875925,11.811158417898604,-11.019746385300403,-35.62754621531028,180.31008567725004,291.21111365065826,475.61527333426295,-4.448737673720813,-5.451494523366151,-8.765433802014652,-13.317390098715798,-32.10921423420076,-80.867361142994
