dataset,branch,fold,trial_id,truth,model,prediction,score
A1,baseline,0,2,1,mechanism_selected,1,0.7216940378735607
A1,baseline,0,4,-1,mechanism_selected,-1,0.34421287480738033
A1,baseline,0,5,1,mechanism_selected,-1,0.372287331110532
A1,baseline,0,6,-1,mechanism_selected,-1,0.3061927962783992
A1,baseline,0,7,-1,mechanism_selected,-1,0.4707654155108542
A1,baseline,0,8,-1,mechanism_selected,-1,0.43753403894436754
A1,baseline,0,9,1,mechanism_selected,1,0.5098076987456021
A1,baseline,0,10,1,mechanism_selected,-1,0.4857420394741022
A1,baseline,0,11,1,mechanism_selected,-1,0.3334088730234585
A1,baseline,0,12,1,mechanism_selected,-1,0.44943128869008975
A1,baseline,0,13,-1,mechanism_selected,1,0.5018904072432719
A1,baseline,0,15,1,mechanism_selected,-1,0.46364011795813437
A1,baseline,0,16,-1,mechanism_selected,-1,0.4766065585791228
A1,baseline,0,17,1,mechanism_selected,-1,0.49636581916291156
A1,baseline,0,2,1,window_mean_9,1,0.8051063321748784
A1,baseline,0,4,-1,window_mean_9,-1,0.3128070359816128
A1,baseline,0,5,1,window_mean_9,-1,0.334542107580246
A1,baseline,0,6,-1,window_mean_9,-1,0.32504470546178027
A1,baseline,0,7,-1,window_mean_9,1,0.5216397924788767
A1,baseline,0,8,-1,window_mean_9,-1,0.4468989975170056
A1,baseline,0,9,1,window_mean_9,1,0.5326139571801438
A1,baseline,0,10,1,window_mean_9,-1,0.4837948874345678
A1,baseline,0,11,1,window_mean_9,-1,0.3148514109963187
A1,baseline,0,12,1,window_mean_9,-1,0.45060890168129647
A1,baseline,0,13,-1,window_mean_9,1,0.5035641522675193
A1,baseline,0,15,1,window_mean_9,-1,0.4809110436765006
A1,baseline,0,16,-1,window_mean_9,1,0.5099185087740369
A1,baseline,0,17,1,window_mean_9,1,0.5128731199095762
A1,denoised,0,2,1,mechanism_selected,1,0.6978335559167201
A1,denoised,0,4,-1,mechanism_selected,-1,0.3472437078649302
A1,denoised,0,5,1,mechanism_selected,-1,0.3726279436053433
A1,denoised,0,6,-1,mechanism_selected,-1,0.3002897601509459
A1,denoised,0,7,-1,mechanism_selected,-1,0.4644793846133928
A1,denoised,0,8,-1,mechanism_selected,-1,0.4358752483116633
A1,denoised,0,9,1,mechanism_selected,1,0.512116879740214
A1,denoised,0,10,1,mechanism_selected,-1,0.4865054485340564
A1,denoised,0,11,1,mechanism_selected,-1,0.33840188468897026
A1,denoised,0,12,1,mechanism_selected,-1,0.45077397312261064
A1,denoised,0,13,-1,mechanism_selected,1,0.5068406169822475
A1,denoised,0,15,1,mechanism_selected,-1,0.4516982349554992
A1,denoised,0,16,-1,mechanism_selected,-1,0.47395442622004574
A1,denoised,0,17,1,mechanism_selected,-1,0.49855697713126207
A1,denoised,0,2,1,window_mean_9,1,0.7845503235539363
A1,denoised,0,4,-1,window_mean_9,-1,0.31572959591677907
A1,denoised,0,5,1,window_mean_9,-1,0.33284480061381505
A1,denoised,0,6,-1,window_mean_9,-1,0.3182937995192556
A1,denoised,0,7,-1,window_mean_9,1,0.5225130674433671
A1,denoised,0,8,-1,window_mean_9,-1,0.4452225130705689
A1,denoised,0,9,1,window_mean_9,1,0.5370172800948673
A1,denoised,0,10,1,window_mean_9,-1,0.4857786643335384
A1,denoised,0,11,1,window_mean_9,-1,0.31893609648486365
A1,denoised,0,12,1,window_mean_9,-1,0.449859233054167
A1,denoised,0,13,-1,window_mean_9,1,0.5068024418803139
A1,denoised,0,15,1,window_mean_9,-1,0.4763352907316657
A1,denoised,0,16,-1,window_mean_9,1,0.5090146602103793
A1,denoised,0,17,1,window_mean_9,1,0.5155382593724755
A1,baseline,1,24,-1,mechanism_selected,1,0.5321097356018983
A1,baseline,1,25,-1,mechanism_selected,1,0.6788684117821767
A1,baseline,1,26,1,mechanism_selected,1,0.5154907722655525
A1,baseline,1,28,-1,mechanism_selected,1,0.6479880421173873
A1,baseline,1,29,-1,mechanism_selected,1,0.5098637368791789
A1,baseline,1,30,-1,mechanism_selected,-1,0.4747531671492388
A1,baseline,1,31,-1,mechanism_selected,1,0.5671586220709222
A1,baseline,1,32,1,mechanism_selected,-1,0.48143612370717426
A1,baseline,1,33,1,mechanism_selected,1,0.5266260542293489
A1,baseline,1,34,-1,mechanism_selected,-1,0.4705680603910657
A1,baseline,1,35,1,mechanism_selected,1,0.5044574341663116
A1,baseline,1,37,-1,mechanism_selected,-1,0.47122116721862084
A1,baseline,1,24,-1,window_mean_9,1,0.5239547490807975
A1,baseline,1,25,-1,window_mean_9,1,0.711675993013693
A1,baseline,1,26,1,window_mean_9,1,0.5055918044043376
A1,baseline,1,28,-1,window_mean_9,1,0.5812677700655403
A1,baseline,1,29,-1,window_mean_9,1,0.5101782312616036
A1,baseline,1,30,-1,window_mean_9,-1,0.46706214240177935
A1,baseline,1,31,-1,window_mean_9,1,0.582944477133954
A1,baseline,1,32,1,window_mean_9,-1,0.45777022859570154
A1,baseline,1,33,1,window_mean_9,1,0.5204021842520431
A1,baseline,1,34,-1,window_mean_9,-1,0.46701267089448595
A1,baseline,1,35,1,window_mean_9,-1,0.49584610184194977
A1,baseline,1,37,-1,window_mean_9,-1,0.4732512497258665
A1,denoised,1,24,-1,mechanism_selected,1,0.5340425948369041
A1,denoised,1,25,-1,mechanism_selected,1,0.6763153934986657
A1,denoised,1,26,1,mechanism_selected,1,0.5160796047838001
A1,denoised,1,28,-1,mechanism_selected,1,0.6488453460055714
A1,denoised,1,29,-1,mechanism_selected,1,0.5117752296695477
A1,denoised,1,30,-1,mechanism_selected,-1,0.4733928003142135
A1,denoised,1,31,-1,mechanism_selected,1,0.570482693672051
A1,denoised,1,32,1,mechanism_selected,-1,0.47916829256455984
A1,denoised,1,33,1,mechanism_selected,1,0.5304865523225966
A1,denoised,1,34,-1,mechanism_selected,-1,0.4673026992369983
A1,denoised,1,35,1,mechanism_selected,1,0.5032328139444164
A1,denoised,1,37,-1,mechanism_selected,-1,0.4690702937364876
A1,denoised,1,24,-1,window_mean_9,1,0.5248601430676105
A1,denoised,1,25,-1,window_mean_9,1,0.7118483805703201
A1,denoised,1,26,1,window_mean_9,1,0.5033262300950875
A1,denoised,1,28,-1,window_mean_9,1,0.5813761513499562
A1,denoised,1,29,-1,window_mean_9,1,0.5094273621972288
A1,denoised,1,30,-1,window_mean_9,-1,0.46308842385456145
A1,denoised,1,31,-1,window_mean_9,1,0.5872908838205573
A1,denoised,1,32,1,window_mean_9,-1,0.45268467980722626
A1,denoised,1,33,1,window_mean_9,1,0.521709882586482
A1,denoised,1,34,-1,window_mean_9,-1,0.4629372751128427
A1,denoised,1,35,1,window_mean_9,-1,0.4939092503117913
A1,denoised,1,37,-1,window_mean_9,-1,0.4703010961227915
A1,baseline,2,44,1,mechanism_selected,1,0.5932155036471926
A1,baseline,2,45,-1,mechanism_selected,-1,0.4050447999279764
A1,baseline,2,47,-1,mechanism_selected,1,0.5702652675188461
A1,baseline,2,48,1,mechanism_selected,1,0.5845084150171055
A1,baseline,2,49,-1,mechanism_selected,1,0.5807339118096523
A1,baseline,2,50,-1,mechanism_selected,-1,0.4330911214843692
A1,baseline,2,51,1,mechanism_selected,1,0.8386730701675084
A1,baseline,2,52,1,mechanism_selected,1,0.9892671824437277
A1,baseline,2,53,1,mechanism_selected,1,0.9870433744552024
A1,baseline,2,54,-1,mechanism_selected,1,0.9769224981203688
A1,baseline,2,55,1,mechanism_selected,1,0.7613207576626865
A1,baseline,2,56,-1,mechanism_selected,1,0.6802497328044694
A1,baseline,2,57,-1,mechanism_selected,1,0.6498680131320985
A1,baseline,2,44,1,window_mean_9,1,0.5786533995479933
A1,baseline,2,45,-1,window_mean_9,-1,0.40365304635679344
A1,baseline,2,47,-1,window_mean_9,1,0.5611778228705445
A1,baseline,2,48,1,window_mean_9,1,0.5414452822063481
A1,baseline,2,49,-1,window_mean_9,1,0.5912140040285886
A1,baseline,2,50,-1,window_mean_9,-1,0.47679399897735664
A1,baseline,2,51,1,window_mean_9,1,0.7982274498608748
A1,baseline,2,52,1,window_mean_9,1,0.986159643774995
A1,baseline,2,53,1,window_mean_9,1,0.9838994430585947
A1,baseline,2,54,-1,window_mean_9,1,0.9204077204459069
A1,baseline,2,55,1,window_mean_9,1,0.7392136708126484
A1,baseline,2,56,-1,window_mean_9,1,0.7173505771182306
A1,baseline,2,57,-1,window_mean_9,1,0.5649958723261329
A1,denoised,2,44,1,mechanism_selected,1,0.5932155036471926
A1,denoised,2,45,-1,mechanism_selected,-1,0.4050447999279764
A1,denoised,2,47,-1,mechanism_selected,1,0.5702652675188461
A1,denoised,2,48,1,mechanism_selected,1,0.5845084150171055
A1,denoised,2,49,-1,mechanism_selected,1,0.5807339118096523
A1,denoised,2,50,-1,mechanism_selected,-1,0.4330911214843692
A1,denoised,2,51,1,mechanism_selected,1,0.8386730701675084
A1,denoised,2,52,1,mechanism_selected,1,0.9892671824437277
A1,denoised,2,53,1,mechanism_selected,1,0.9870433744552024
A1,denoised,2,54,-1,mechanism_selected,1,0.9769224981203688
A1,denoised,2,55,1,mechanism_selected,1,0.7613207576626865
A1,denoised,2,56,-1,mechanism_selected,1,0.6802497328044694
A1,denoised,2,57,-1,mechanism_selected,1,0.6498680131320985
A1,denoised,2,44,1,window_mean_9,1,0.5786533995479933
A1,denoised,2,45,-1,window_mean_9,-1,0.40365304635679344
A1,denoised,2,47,-1,window_mean_9,1,0.5611778228705445
A1,denoised,2,48,1,window_mean_9,1,0.5414452822063481
A1,denoised,2,49,-1,window_mean_9,1,0.5912140040285886
A1,denoised,2,50,-1,window_mean_9,-1,0.47679399897735664
A1,denoised,2,51,1,window_mean_9,1,0.7982274498608748
A1,denoised,2,52,1,window_mean_9,1,0.986159643774995
A1,denoised,2,53,1,window_mean_9,1,0.9838994430585947
A1,denoised,2,54,-1,window_mean_9,1,0.9204077204459069
A1,denoised,2,55,1,window_mean_9,1,0.7392136708126484
A1,denoised,2,56,-1,window_mean_9,1,0.7173505771182306
A1,denoised,2,57,-1,window_mean_9,1,0.5649958723261329
A1,baseline,3,64,1,mechanism_selected,-1,0.3006813200387244
A1,baseline,3,65,-1,mechanism_selected,-1,0.48143052030617345
A1,baseline,3,66,1,mechanism_selected,1,0.5898493094582941
A1,baseline,3,67,-1,mechanism_selected,-1,0.42578338352050593
A1,baseline,3,68,-1,mechanism_selected,1,0.5110226939140349
A1,baseline,3,69,1,mechanism_selected,-1,0.4852946625712289
A1,baseline,3,70,1,mechanism_selected,1,0.5252011931794534
A1,baseline,3,71,-1,mechanism_selected,-1,0.4704081886561858
A1,baseline,3,72,1,mechanism_selected,-1,0.45831611240708764
A1,baseline,3,73,-1,mechanism_selected,1,0.5170519518705924
A1,baseline,3,74,1,mechanism_selected,-1,0.4447704334932582
A1,baseline,3,75,-1,mechanism_selected,1,0.5457825232215582
A1,baseline,3,76,1,mechanism_selected,-1,0.42116644829633226
A1,baseline,3,64,1,window_mean_9,-1,0.29204094064738906
A1,baseline,3,65,-1,window_mean_9,-1,0.4790413826320829
A1,baseline,3,66,1,window_mean_9,1,0.6050319813690299
A1,baseline,3,67,-1,window_mean_9,-1,0.42154115727632324
A1,baseline,3,68,-1,window_mean_9,1,0.5130499165094358
A1,baseline,3,69,1,window_mean_9,-1,0.47548646947731826
A1,baseline,3,70,1,window_mean_9,1,0.5243607959040772
A1,baseline,3,71,-1,window_mean_9,-1,0.4689390554788772
A1,baseline,3,72,1,window_mean_9,-1,0.4589315810647232
A1,baseline,3,73,-1,window_mean_9,1,0.5159907674390762
A1,baseline,3,74,1,window_mean_9,-1,0.45547662231573904
A1,baseline,3,75,-1,window_mean_9,1,0.5517701292594884
A1,baseline,3,76,1,window_mean_9,-1,0.42061585214732916
A1,denoised,3,64,1,mechanism_selected,-1,0.3006813200387244
A1,denoised,3,65,-1,mechanism_selected,-1,0.48143052030617345
A1,denoised,3,66,1,mechanism_selected,1,0.5898493094582941
A1,denoised,3,67,-1,mechanism_selected,-1,0.42578338352050593
A1,denoised,3,68,-1,mechanism_selected,1,0.5110226939140349
A1,denoised,3,69,1,mechanism_selected,-1,0.4852946625712289
A1,denoised,3,70,1,mechanism_selected,1,0.5252011931794534
A1,denoised,3,71,-1,mechanism_selected,-1,0.4704081886561858
A1,denoised,3,72,1,mechanism_selected,-1,0.45831611240708764
A1,denoised,3,73,-1,mechanism_selected,1,0.5170519518705924
A1,denoised,3,74,1,mechanism_selected,-1,0.4447704334932582
A1,denoised,3,75,-1,mechanism_selected,1,0.5457825232215582
A1,denoised,3,76,1,mechanism_selected,-1,0.42116644829633226
A1,denoised,3,64,1,window_mean_9,-1,0.29204094064738906
A1,denoised,3,65,-1,window_mean_9,-1,0.4790413826320829
A1,denoised,3,66,1,window_mean_9,1,0.6050319813690299
A1,denoised,3,67,-1,window_mean_9,-1,0.42154115727632324
A1,denoised,3,68,-1,window_mean_9,1,0.5130499165094358
A1,denoised,3,69,1,window_mean_9,-1,0.47548646947731826
A1,denoised,3,70,1,window_mean_9,1,0.5243607959040772
A1,denoised,3,71,-1,window_mean_9,-1,0.4689390554788772
A1,denoised,3,72,1,window_mean_9,-1,0.4589315810647232
A1,denoised,3,73,-1,window_mean_9,1,0.5159907674390762
A1,denoised,3,74,1,window_mean_9,-1,0.45547662231573904
A1,denoised,3,75,-1,window_mean_9,1,0.5517701292594884
A1,denoised,3,76,1,window_mean_9,-1,0.42061585214732916
A1,baseline,4,84,1,mechanism_selected,1,0.609836495656554
A1,baseline,4,85,-1,mechanism_selected,1,0.5545721645783208
A1,baseline,4,86,1,mechanism_selected,1,0.5706664725056197
A1,baseline,4,87,1,mechanism_selected,-1,0.45342985434095795
A1,baseline,4,89,1,mechanism_selected,-1,0.3593899658022178
A1,baseline,4,90,1,mechanism_selected,-1,0.3605941284770038
A1,baseline,4,91,-1,mechanism_selected,-1,0.24205295413259728
A1,baseline,4,92,1,mechanism_selected,-1,0.35495157283235457
A1,baseline,4,93,1,mechanism_selected,-1,0.3711004390657586
A1,baseline,4,94,1,mechanism_selected,-1,0.39429698685069403
A1,baseline,4,95,-1,mechanism_selected,-1,0.46339600087292404
A1,baseline,4,96,1,mechanism_selected,-1,0.4242445700116935
A1,baseline,4,97,1,mechanism_selected,-1,0.028515341638494514
A1,baseline,4,98,-1,mechanism_selected,-1,0.1445264858404943
A1,baseline,4,99,-1,mechanism_selected,-1,0.42671642698484996
A1,baseline,4,84,1,window_mean_9,-1,0.4480795624058304
A1,baseline,4,85,-1,window_mean_9,-1,0.336829960964256
A1,baseline,4,86,1,window_mean_9,1,0.5428329970617071
A1,baseline,4,87,1,window_mean_9,-1,0.4677910926871962
A1,baseline,4,89,1,window_mean_9,-1,0.47457899745612503
A1,baseline,4,90,1,window_mean_9,-1,0.4466935398800416
A1,baseline,4,91,-1,window_mean_9,-1,0.24501670104809078
A1,baseline,4,92,1,window_mean_9,-1,0.4764560085660588
A1,baseline,4,93,1,window_mean_9,-1,0.4750715669978406
A1,baseline,4,94,1,window_mean_9,-1,0.46155000137371494
A1,baseline,4,95,-1,window_mean_9,-1,0.44700983852421083
A1,baseline,4,96,1,window_mean_9,-1,0.44439919762859964
A1,baseline,4,97,1,window_mean_9,-1,0.4350238318712451
A1,baseline,4,98,-1,window_mean_9,-1,0.22605767697138043
A1,baseline,4,99,-1,window_mean_9,-1,0.4829927952992173
A1,denoised,4,84,1,mechanism_selected,1,0.6037143351291262
A1,denoised,4,85,-1,mechanism_selected,1,0.5340842879736302
A1,denoised,4,86,1,mechanism_selected,1,0.5772348846663394
A1,denoised,4,87,1,mechanism_selected,-1,0.4662316424191307
A1,denoised,4,89,1,mechanism_selected,-1,0.3807768382012302
A1,denoised,4,90,1,mechanism_selected,-1,0.374601119649409
A1,denoised,4,91,-1,mechanism_selected,-1,0.26625828672206314
A1,denoised,4,92,1,mechanism_selected,-1,0.3688837120884162
A1,denoised,4,93,1,mechanism_selected,-1,0.38675779298872437
A1,denoised,4,94,1,mechanism_selected,-1,0.4091947901953663
A1,denoised,4,95,-1,mechanism_selected,-1,0.4760130164224177
A1,denoised,4,96,1,mechanism_selected,-1,0.43464322229951957
A1,denoised,4,97,1,mechanism_selected,-1,0.04303099262889799
A1,denoised,4,98,-1,mechanism_selected,-1,0.1667871074221288
A1,denoised,4,99,-1,mechanism_selected,-1,0.4396285348957956
A1,denoised,4,84,1,window_mean_9,-1,0.4453816680048679
A1,denoised,4,85,-1,window_mean_9,-1,0.33174373801698875
A1,denoised,4,86,1,window_mean_9,1,0.5432519925346937
A1,denoised,4,87,1,window_mean_9,-1,0.4701361088320023
A1,denoised,4,89,1,window_mean_9,-1,0.4803560468918375
A1,denoised,4,90,1,window_mean_9,-1,0.4468467817554035
A1,denoised,4,91,-1,window_mean_9,-1,0.2569445943516743
A1,denoised,4,92,1,window_mean_9,-1,0.47734477819340776
A1,denoised,4,93,1,window_mean_9,-1,0.4770659136148658
A1,denoised,4,94,1,window_mean_9,-1,0.4629940056622796
A1,denoised,4,95,-1,window_mean_9,-1,0.4481719836368259
A1,denoised,4,96,1,window_mean_9,-1,0.4436685718640513
A1,denoised,4,97,1,window_mean_9,-1,0.44180379693318517
A1,denoised,4,98,-1,window_mean_9,-1,0.23429563262459346
A1,denoised,4,99,-1,window_mean_9,-1,0.4844484533880007
A2,baseline,0,2,-1,mechanism_selected,1,0.5315336113523931
A2,baseline,0,3,-1,mechanism_selected,-1,0.4010975619528535
A2,baseline,0,4,-1,mechanism_selected,1,0.5368978249101924
A2,baseline,0,5,1,mechanism_selected,-1,0.3611783706121559
A2,baseline,0,6,-1,mechanism_selected,1,0.6527449799697314
A2,baseline,0,7,1,mechanism_selected,-1,0.43824982542998453
A2,baseline,0,8,1,mechanism_selected,1,0.5726339442029595
A2,baseline,0,9,-1,mechanism_selected,-1,0.48342611571462357
A2,baseline,0,10,-1,mechanism_selected,1,0.620220551511606
A2,baseline,0,11,1,mechanism_selected,-1,0.47077076774888976
A2,baseline,0,12,1,mechanism_selected,-1,0.4438450076707679
A2,baseline,0,13,1,mechanism_selected,1,0.5470009792876054
A2,baseline,0,14,-1,mechanism_selected,1,0.6100135174326256
A2,baseline,0,15,-1,mechanism_selected,-1,0.48378817393364
A2,baseline,0,16,-1,mechanism_selected,-1,0.39789962942297286
A2,baseline,0,17,1,mechanism_selected,1,0.5213557407406321
A2,baseline,0,2,-1,window_mean_9,1,0.5843326086235661
A2,baseline,0,3,-1,window_mean_9,-1,0.4965961339765787
A2,baseline,0,4,-1,window_mean_9,1,0.6187549063052954
A2,baseline,0,5,1,window_mean_9,-1,0.36773083551732944
A2,baseline,0,6,-1,window_mean_9,1,0.5833299522664203
A2,baseline,0,7,1,window_mean_9,-1,0.48776658037434734
A2,baseline,0,8,1,window_mean_9,1,0.5150665362303112
A2,baseline,0,9,-1,window_mean_9,1,0.5098402982848659
A2,baseline,0,10,-1,window_mean_9,1,0.5771344044320315
A2,baseline,0,11,1,window_mean_9,-1,0.4597233473983653
A2,baseline,0,12,1,window_mean_9,-1,0.37110602705017526
A2,baseline,0,13,1,window_mean_9,1,0.6010076348500206
A2,baseline,0,14,-1,window_mean_9,1,0.6023793494616452
A2,baseline,0,15,-1,window_mean_9,-1,0.48437788755460137
A2,baseline,0,16,-1,window_mean_9,-1,0.4545955068337156
A2,baseline,0,17,1,window_mean_9,1,0.6217295493796124
A2,denoised,0,2,-1,mechanism_selected,1,0.5391669800587012
A2,denoised,0,3,-1,mechanism_selected,-1,0.38241841527874576
A2,denoised,0,4,-1,mechanism_selected,1,0.5420608052452436
A2,denoised,0,5,1,mechanism_selected,-1,0.34045231268570936
A2,denoised,0,6,-1,mechanism_selected,1,0.682842629350989
A2,denoised,0,7,1,mechanism_selected,-1,0.42742665382964484
A2,denoised,0,8,1,mechanism_selected,1,0.5782517446930696
A2,denoised,0,9,-1,mechanism_selected,-1,0.4770858865223638
A2,denoised,0,10,-1,mechanism_selected,1,0.5880544336130207
A2,denoised,0,11,1,mechanism_selected,-1,0.490408239557602
A2,denoised,0,12,1,mechanism_selected,-1,0.39631315817907753
A2,denoised,0,13,1,mechanism_selected,1,0.526864586289706
A2,denoised,0,14,-1,mechanism_selected,1,0.606165976832224
A2,denoised,0,15,-1,mechanism_selected,-1,0.4942440423528114
A2,denoised,0,16,-1,mechanism_selected,-1,0.38993909166179486
A2,denoised,0,17,1,mechanism_selected,1,0.5231079991737099
A2,denoised,0,2,-1,window_mean_9,1,0.5885141957514681
A2,denoised,0,3,-1,window_mean_9,-1,0.49509299951414837
A2,denoised,0,4,-1,window_mean_9,1,0.6435147460322291
A2,denoised,0,5,1,window_mean_9,-1,0.34312647197022544
A2,denoised,0,6,-1,window_mean_9,1,0.5968045697687907
A2,denoised,0,7,1,window_mean_9,-1,0.4856616888381293
A2,denoised,0,8,1,window_mean_9,1,0.5126441326359752
A2,denoised,0,9,-1,window_mean_9,1,0.5095228808610599
A2,denoised,0,10,-1,window_mean_9,1,0.5725253998349942
A2,denoised,0,11,1,window_mean_9,-1,0.4584419385148999
A2,denoised,0,12,1,window_mean_9,-1,0.3395891490491856
A2,denoised,0,13,1,window_mean_9,1,0.6154408007849652
A2,denoised,0,14,-1,window_mean_9,1,0.5956108447012689
A2,denoised,0,15,-1,window_mean_9,-1,0.48451484007419177
A2,denoised,0,16,-1,window_mean_9,-1,0.45596773005409663
A2,denoised,0,17,1,window_mean_9,1,0.6115653727887215
A2,baseline,1,24,1,mechanism_selected,1,0.5363224375243548
A2,baseline,1,25,-1,mechanism_selected,1,0.5087744774040126
A2,baseline,1,26,-1,mechanism_selected,-1,0.4962237545814226
A2,baseline,1,27,1,mechanism_selected,1,0.6916569478631311
A2,baseline,1,28,1,mechanism_selected,1,0.5768501525077577
A2,baseline,1,29,1,mechanism_selected,1,0.7408351154120467
A2,baseline,1,31,-1,mechanism_selected,-1,0.356536546220701
A2,baseline,1,32,-1,mechanism_selected,1,0.6110035010918884
A2,baseline,1,34,-1,mechanism_selected,-1,0.43998959259713594
A2,baseline,1,35,-1,mechanism_selected,1,0.5633665214665884
A2,baseline,1,36,1,mechanism_selected,-1,0.4653482771771277
A2,baseline,1,37,1,mechanism_selected,-1,0.3712662827383635
A2,baseline,1,24,1,window_mean_9,1,0.5139378486099673
A2,baseline,1,25,-1,window_mean_9,-1,0.48920288776427034
A2,baseline,1,26,-1,window_mean_9,-1,0.4928595057108065
A2,baseline,1,27,1,window_mean_9,1,0.6340985843068947
A2,baseline,1,28,1,window_mean_9,1,0.5372901393666456
A2,baseline,1,29,1,window_mean_9,1,0.6712407344216673
A2,baseline,1,31,-1,window_mean_9,-1,0.41543299749715484
A2,baseline,1,32,-1,window_mean_9,1,0.5883858119437514
A2,baseline,1,34,-1,window_mean_9,1,0.5001645391391927
A2,baseline,1,35,-1,window_mean_9,1,0.5891582173681994
A2,baseline,1,36,1,window_mean_9,-1,0.4781119303812085
A2,baseline,1,37,1,window_mean_9,1,0.5252020773747494
A2,denoised,1,24,1,mechanism_selected,1,0.5328986032094206
A2,denoised,1,25,-1,mechanism_selected,1,0.5198726895994027
A2,denoised,1,26,-1,mechanism_selected,-1,0.49908847664827294
A2,denoised,1,27,1,mechanism_selected,1,0.6848509406150597
A2,denoised,1,28,1,mechanism_selected,1,0.5858617318220307
A2,denoised,1,29,1,mechanism_selected,1,0.7338274675057174
A2,denoised,1,31,-1,mechanism_selected,-1,0.35213078239729606
A2,denoised,1,32,-1,mechanism_selected,1,0.6135095615802194
A2,denoised,1,34,-1,mechanism_selected,-1,0.44450905262825846
A2,denoised,1,35,-1,mechanism_selected,1,0.5667950761439119
A2,denoised,1,36,1,mechanism_selected,-1,0.4580490803383033
A2,denoised,1,37,1,mechanism_selected,-1,0.36318966187830337
A2,denoised,1,24,1,window_mean_9,1,0.5129120254548993
A2,denoised,1,25,-1,window_mean_9,-1,0.4899380669687754
A2,denoised,1,26,-1,window_mean_9,-1,0.49265880168143006
A2,denoised,1,27,1,window_mean_9,1,0.6378561118357778
A2,denoised,1,28,1,window_mean_9,1,0.5379885719089591
A2,denoised,1,29,1,window_mean_9,1,0.6743896539961931
A2,denoised,1,31,-1,window_mean_9,-1,0.4109688784471139
A2,denoised,1,32,-1,window_mean_9,1,0.5894903711303924
A2,denoised,1,34,-1,window_mean_9,1,0.5001504451475339
A2,denoised,1,35,-1,window_mean_9,1,0.5914312383533459
A2,denoised,1,36,1,window_mean_9,-1,0.47491338682904977
A2,denoised,1,37,1,window_mean_9,1,0.521820862325364
A2,baseline,2,44,-1,mechanism_selected,1,0.603548669752425
A2,baseline,2,46,-1,mechanism_selected,1,0.5453272309747181
A2,baseline,2,47,-1,mechanism_selected,1,0.6793109081819185
A2,baseline,2,48,-1,mechanism_selected,1,0.6554958353122283
A2,baseline,2,49,1,mechanism_selected,1,0.908126494024084
A2,baseline,2,50,1,mechanism_selected,-1,0.002048685036051822
A2,baseline,2,51,-1,mechanism_selected,1,0.9480463119512751
A2,baseline,2,52,1,mechanism_selected,-1,0.03769879134433626
A2,baseline,2,53,1,mechanism_selected,1,0.5049505479655009
A2,baseline,2,54,-1,mechanism_selected,-1,0.47814717246365307
A2,baseline,2,55,-1,mechanism_selected,1,0.9614742555861202
A2,baseline,2,56,1,mechanism_selected,1,0.935264133177211
A2,baseline,2,57,1,mechanism_selected,1,0.5070762251420796
A2,baseline,2,44,-1,window_mean_9,-1,0.45332643287926505
A2,baseline,2,46,-1,window_mean_9,1,0.517933708468397
A2,baseline,2,47,-1,window_mean_9,1,0.6967971817270466
A2,baseline,2,48,-1,window_mean_9,1,0.5918438195922469
A2,baseline,2,49,1,window_mean_9,1,0.7965509025705868
A2,baseline,2,50,1,window_mean_9,-1,0.0730566347833488
A2,baseline,2,51,-1,window_mean_9,1,0.9361504076082771
A2,baseline,2,52,1,window_mean_9,-1,0.07956357149921865
A2,baseline,2,53,1,window_mean_9,1,0.5263300940085
A2,baseline,2,54,-1,window_mean_9,1,0.5670098800584814
A2,baseline,2,55,-1,window_mean_9,1,0.8231278457140385
A2,baseline,2,56,1,window_mean_9,1,0.8717448053074758
A2,baseline,2,57,1,window_mean_9,1,0.5075647918324617
A2,denoised,2,44,-1,mechanism_selected,1,0.6586035896960959
A2,denoised,2,46,-1,mechanism_selected,1,0.5578530541805801
A2,denoised,2,47,-1,mechanism_selected,1,0.6931013479425286
A2,denoised,2,48,-1,mechanism_selected,1,0.7073339942412119
A2,denoised,2,49,1,mechanism_selected,1,0.9049146391251772
A2,denoised,2,50,1,mechanism_selected,-1,0.0010264181942317716
A2,denoised,2,51,-1,mechanism_selected,1,0.9404644471993441
A2,denoised,2,52,1,mechanism_selected,-1,0.030203828331741126
A2,denoised,2,53,1,mechanism_selected,1,0.5281132571428069
A2,denoised,2,54,-1,mechanism_selected,-1,0.4477066512558912
A2,denoised,2,55,-1,mechanism_selected,1,0.9502166554824851
A2,denoised,2,56,1,mechanism_selected,1,0.9224498144932297
A2,denoised,2,57,1,mechanism_selected,-1,0.49391537458203455
A2,denoised,2,44,-1,window_mean_9,-1,0.4682645702017873
A2,denoised,2,46,-1,window_mean_9,1,0.520075357599094
A2,denoised,2,47,-1,window_mean_9,1,0.7128244438265181
A2,denoised,2,48,-1,window_mean_9,1,0.6088003451513081
A2,denoised,2,49,1,window_mean_9,1,0.7900652008575443
A2,denoised,2,50,1,window_mean_9,-1,0.054052996651542014
A2,denoised,2,51,-1,window_mean_9,1,0.9266309796101831
A2,denoised,2,52,1,window_mean_9,-1,0.0801666334221237
A2,denoised,2,53,1,window_mean_9,1,0.5321267681070205
A2,denoised,2,54,-1,window_mean_9,1,0.5514316467185352
A2,denoised,2,55,-1,window_mean_9,1,0.8235847509710474
A2,denoised,2,56,1,window_mean_9,1,0.8740870959513657
A2,denoised,2,57,1,window_mean_9,-1,0.49572022844291097
A2,baseline,3,64,-1,mechanism_selected,-1,0.31309957740032845
A2,baseline,3,65,1,mechanism_selected,-1,0.3190560410739834
A2,baseline,3,66,-1,mechanism_selected,-1,0.4073859094268348
A2,baseline,3,67,1,mechanism_selected,1,0.6191635665104607
A2,baseline,3,68,1,mechanism_selected,-1,0.37186723344703054
A2,baseline,3,69,-1,mechanism_selected,-1,0.4747561342296125
A2,baseline,3,70,-1,mechanism_selected,-1,0.46546832831327956
A2,baseline,3,71,1,mechanism_selected,-1,0.41009535013263826
A2,baseline,3,72,1,mechanism_selected,-1,0.49566290334857727
A2,baseline,3,73,1,mechanism_selected,-1,0.43407430865967966
A2,baseline,3,74,1,mechanism_selected,1,0.5796085506647033
A2,baseline,3,75,-1,mechanism_selected,-1,0.42378249709618976
A2,baseline,3,76,-1,mechanism_selected,-1,0.3810153879715332
A2,baseline,3,77,-1,mechanism_selected,-1,0.3899250261402292
A2,baseline,3,64,-1,window_mean_9,-1,0.38058768916094354
A2,baseline,3,65,1,window_mean_9,-1,0.3178791127252931
A2,baseline,3,66,-1,window_mean_9,-1,0.38802134605041505
A2,baseline,3,67,1,window_mean_9,1,0.6272860965452396
A2,baseline,3,68,1,window_mean_9,-1,0.3781094637788623
A2,baseline,3,69,-1,window_mean_9,1,0.5127528460999944
A2,baseline,3,70,-1,window_mean_9,-1,0.46032767655025897
A2,baseline,3,71,1,window_mean_9,-1,0.42809446150343927
A2,baseline,3,72,1,window_mean_9,-1,0.48871532916235844
A2,baseline,3,73,1,window_mean_9,-1,0.4671188490421263
A2,baseline,3,74,1,window_mean_9,1,0.5838522384498334
A2,baseline,3,75,-1,window_mean_9,-1,0.3725153961348529
A2,baseline,3,76,-1,window_mean_9,-1,0.42072891748976393
A2,baseline,3,77,-1,window_mean_9,-1,0.4095937015354824
A2,denoised,3,64,-1,mechanism_selected,-1,0.2959292908593942
A2,denoised,3,65,1,mechanism_selected,-1,0.3165389623043991
A2,denoised,3,66,-1,mechanism_selected,-1,0.39450888113516785
A2,denoised,3,67,1,mechanism_selected,1,0.5792304548300097
A2,denoised,3,68,1,mechanism_selected,-1,0.3565653786045528
A2,denoised,3,69,-1,mechanism_selected,-1,0.4756410096044849
A2,denoised,3,70,-1,mechanism_selected,-1,0.45978465682261555
A2,denoised,3,71,1,mechanism_selected,-1,0.41001393231509214
A2,denoised,3,72,1,mechanism_selected,-1,0.45923996960450447
A2,denoised,3,73,1,mechanism_selected,-1,0.43403685037357986
A2,denoised,3,74,1,mechanism_selected,1,0.5916844339123375
A2,denoised,3,75,-1,mechanism_selected,-1,0.41895360331342346
A2,denoised,3,76,-1,mechanism_selected,-1,0.3755400895023204
A2,denoised,3,77,-1,mechanism_selected,-1,0.38643643410417694
A2,denoised,3,64,-1,window_mean_9,-1,0.3823867060616601
A2,denoised,3,65,1,window_mean_9,-1,0.29982395096802245
A2,denoised,3,66,-1,window_mean_9,-1,0.3795140472448341
A2,denoised,3,67,1,window_mean_9,1,0.6145159020232162
A2,denoised,3,68,1,window_mean_9,-1,0.3622998759522839
A2,denoised,3,69,-1,window_mean_9,1,0.5173435252387116
A2,denoised,3,70,-1,window_mean_9,-1,0.4555226019748034
A2,denoised,3,71,1,window_mean_9,-1,0.4220457810792337
A2,denoised,3,72,1,window_mean_9,-1,0.473266591365428
A2,denoised,3,73,1,window_mean_9,-1,0.462438239259759
A2,denoised,3,74,1,window_mean_9,1,0.5950412071767973
A2,denoised,3,75,-1,window_mean_9,-1,0.3675226342430757
A2,denoised,3,76,-1,window_mean_9,-1,0.4120574068410258
A2,denoised,3,77,-1,window_mean_9,-1,0.40030532998445734
A2,baseline,4,84,-1,mechanism_selected,1,0.5804527224120651
A2,baseline,4,85,1,mechanism_selected,1,0.5108026475723669
A2,baseline,4,87,-1,mechanism_selected,-1,0.47321339427534237
A2,baseline,4,88,1,mechanism_selected,1,0.6573414501611753
A2,baseline,4,89,-1,mechanism_selected,-1,0.4278802748545983
A2,baseline,4,90,-1,mechanism_selected,-1,0.4306199665925509
A2,baseline,4,91,-1,mechanism_selected,-1,0.4550623630167994
A2,baseline,4,92,-1,mechanism_selected,-1,0.3925607962887649
A2,baseline,4,93,1,mechanism_selected,-1,0.4639073108695657
A2,baseline,4,94,-1,mechanism_selected,-1,0.2645365531713397
A2,baseline,4,95,-1,mechanism_selected,-1,0.4361231783147534
A2,baseline,4,96,-1,mechanism_selected,-1,0.49127463627028906
A2,baseline,4,97,-1,mechanism_selected,-1,0.4225305709122973
A2,baseline,4,98,-1,mechanism_selected,-1,0.382711232947183
A2,baseline,4,99,-1,mechanism_selected,-1,0.4860364495368167
A2,baseline,4,84,-1,window_mean_9,1,0.576332606070514
A2,baseline,4,85,1,window_mean_9,1,0.5158150116264751
A2,baseline,4,87,-1,window_mean_9,1,0.5723645252368607
A2,baseline,4,88,1,window_mean_9,1,0.7584172047871517
A2,baseline,4,89,-1,window_mean_9,-1,0.464072446891203
A2,baseline,4,90,-1,window_mean_9,-1,0.36077204978552907
A2,baseline,4,91,-1,window_mean_9,-1,0.4346759141517949
A2,baseline,4,92,-1,window_mean_9,-1,0.3864323180016426
A2,baseline,4,93,1,window_mean_9,-1,0.48229839237365446
A2,baseline,4,94,-1,window_mean_9,-1,0.185610910583728
A2,baseline,4,95,-1,window_mean_9,-1,0.4686078453706336
A2,baseline,4,96,-1,window_mean_9,1,0.5134309133263868
A2,baseline,4,97,-1,window_mean_9,-1,0.4932444630638127
A2,baseline,4,98,-1,window_mean_9,-1,0.4363042966562545
A2,baseline,4,99,-1,window_mean_9,-1,0.47155637912367265
A2,denoised,4,84,-1,mechanism_selected,1,0.5830301954971809
A2,denoised,4,85,1,mechanism_selected,1,0.5060141684575773
A2,denoised,4,87,-1,mechanism_selected,-1,0.47896996417071674
A2,denoised,4,88,1,mechanism_selected,1,0.6925752485908394
A2,denoised,4,89,-1,mechanism_selected,-1,0.44200315212048746
A2,denoised,4,90,-1,mechanism_selected,-1,0.4605976307685379
A2,denoised,4,91,-1,mechanism_selected,-1,0.42754680126543576
A2,denoised,4,92,-1,mechanism_selected,-1,0.41775428430048756
A2,denoised,4,93,1,mechanism_selected,-1,0.45465221183244825
A2,denoised,4,94,-1,mechanism_selected,-1,0.2501259601999835
A2,denoised,4,95,-1,mechanism_selected,-1,0.43917306961023683
A2,denoised,4,96,-1,mechanism_selected,1,0.5119377836121638
A2,denoised,4,97,-1,mechanism_selected,-1,0.4171326852446771
A2,denoised,4,98,-1,mechanism_selected,-1,0.4003033239175633
A2,denoised,4,99,-1,mechanism_selected,-1,0.4829309438270639
A2,denoised,4,84,-1,window_mean_9,1,0.5906485176517962
A2,denoised,4,85,1,window_mean_9,1,0.5025015757914456
A2,denoised,4,87,-1,window_mean_9,1,0.5590657350756283
A2,denoised,4,88,1,window_mean_9,1,0.788964890356932
A2,denoised,4,89,-1,window_mean_9,-1,0.4610182568028281
A2,denoised,4,90,-1,window_mean_9,-1,0.3614825649136893
A2,denoised,4,91,-1,window_mean_9,-1,0.41550011341592097
A2,denoised,4,92,-1,window_mean_9,-1,0.3762724021126257
A2,denoised,4,93,1,window_mean_9,-1,0.480556351281546
A2,denoised,4,94,-1,window_mean_9,-1,0.18695520715096464
A2,denoised,4,95,-1,window_mean_9,-1,0.4577450445340639
A2,denoised,4,96,-1,window_mean_9,1,0.5174857967553784
A2,denoised,4,97,-1,window_mean_9,-1,0.49646110374930447
A2,denoised,4,98,-1,window_mean_9,-1,0.4339392287213714
A2,denoised,4,99,-1,window_mean_9,-1,0.4701661350224236
B1,baseline,0,2,-1,mechanism_selected,1,0.5336728554247336
B1,baseline,0,3,1,mechanism_selected,1,0.6123964292463809
B1,baseline,0,4,-1,mechanism_selected,1,0.5322217668273485
B1,baseline,0,5,1,mechanism_selected,1,0.5461733116197957
B1,baseline,0,6,1,mechanism_selected,1,0.5081334065095254
B1,baseline,0,7,1,mechanism_selected,1,0.52633730083363
B1,baseline,0,8,-1,mechanism_selected,1,0.6026827925712995
B1,baseline,0,9,-1,mechanism_selected,1,0.5070914296124162
B1,baseline,0,10,-1,mechanism_selected,1,0.5436583490114084
B1,baseline,0,11,1,mechanism_selected,1,0.5284857799253931
B1,baseline,0,12,-1,mechanism_selected,1,0.5535637991932861
B1,baseline,0,13,1,mechanism_selected,-1,0.46194510688875545
B1,baseline,0,15,-1,mechanism_selected,1,0.5794560357723436
B1,baseline,0,16,1,mechanism_selected,1,0.5396137508917855
B1,baseline,0,17,-1,mechanism_selected,-1,0.4173314805035787
B1,baseline,0,2,-1,window_mean_9,1,0.5190359585482155
B1,baseline,0,3,1,window_mean_9,1,0.613817545835889
B1,baseline,0,4,-1,window_mean_9,1,0.5675610913674571
B1,baseline,0,5,1,window_mean_9,-1,0.41519233971635855
B1,baseline,0,6,1,window_mean_9,1,0.5398146707639652
B1,baseline,0,7,1,window_mean_9,1,0.5322023975694379
B1,baseline,0,8,-1,window_mean_9,1,0.5906089195459091
B1,baseline,0,9,-1,window_mean_9,-1,0.4587865959166742
B1,baseline,0,10,-1,window_mean_9,1,0.5327008754587786
B1,baseline,0,11,1,window_mean_9,1,0.5064143635460049
B1,baseline,0,12,-1,window_mean_9,1,0.5306116259320552
B1,baseline,0,13,1,window_mean_9,-1,0.4427184496416428
B1,baseline,0,15,-1,window_mean_9,1,0.5793973301419706
B1,baseline,0,16,1,window_mean_9,1,0.5620052842299043
B1,baseline,0,17,-1,window_mean_9,-1,0.46519313217561686
B1,denoised,0,2,-1,mechanism_selected,1,0.5320488991811076
B1,denoised,0,3,1,mechanism_selected,1,0.611382043444835
B1,denoised,0,4,-1,mechanism_selected,1,0.5222032795896031
B1,denoised,0,5,1,mechanism_selected,1,0.5619689657892513
B1,denoised,0,6,1,mechanism_selected,1,0.5306920171262103
B1,denoised,0,7,1,mechanism_selected,1,0.5234702157772195
B1,denoised,0,8,-1,mechanism_selected,1,0.6037735126132027
B1,denoised,0,9,-1,mechanism_selected,1,0.5029560330800696
B1,denoised,0,10,-1,mechanism_selected,1,0.5394561256076302
B1,denoised,0,11,1,mechanism_selected,1,0.5217580181849585
B1,denoised,0,12,-1,mechanism_selected,1,0.5539119691798549
B1,denoised,0,13,1,mechanism_selected,-1,0.45793516292464415
B1,denoised,0,15,-1,mechanism_selected,1,0.5777223354995689
B1,denoised,0,16,1,mechanism_selected,1,0.533631020448435
B1,denoised,0,17,-1,mechanism_selected,-1,0.4101577097613799
B1,denoised,0,2,-1,window_mean_9,1,0.5156722511989706
B1,denoised,0,3,1,window_mean_9,1,0.6152969683259899
B1,denoised,0,4,-1,window_mean_9,1,0.570986094174518
B1,denoised,0,5,1,window_mean_9,-1,0.41512048907538324
B1,denoised,0,6,1,window_mean_9,1,0.5349399685682915
B1,denoised,0,7,1,window_mean_9,1,0.5318900759529955
B1,denoised,0,8,-1,window_mean_9,1,0.5902885272794278
B1,denoised,0,9,-1,window_mean_9,-1,0.4508303741150531
B1,denoised,0,10,-1,window_mean_9,1,0.5310302405043804
B1,denoised,0,11,1,window_mean_9,1,0.5062197667178439
B1,denoised,0,12,-1,window_mean_9,1,0.5296675893959671
B1,denoised,0,13,1,window_mean_9,-1,0.4388021260311317
B1,denoised,0,15,-1,window_mean_9,1,0.5807471415155588
B1,denoised,0,16,1,window_mean_9,1,0.5658610538263322
B1,denoised,0,17,-1,window_mean_9,-1,0.46640621884798966
B1,baseline,1,24,1,mechanism_selected,1,0.560512889725172
B1,baseline,1,25,1,mechanism_selected,-1,0.02936040087105836
B1,baseline,1,26,1,mechanism_selected,1,0.5939619170269963
B1,baseline,1,27,1,mechanism_selected,-1,0.4954684226608709
B1,baseline,1,28,1,mechanism_selected,-1,0.284985743783192
B1,baseline,1,29,1,mechanism_selected,1,0.5737345427236922
B1,baseline,1,30,-1,mechanism_selected,1,0.5449932731795954
B1,baseline,1,31,1,mechanism_selected,1,0.649756585243051
B1,baseline,1,32,-1,mechanism_selected,1,0.6942937036680327
B1,baseline,1,33,-1,mechanism_selected,-1,0.39295994569610476
B1,baseline,1,34,1,mechanism_selected,-1,0.42196048654856905
B1,baseline,1,35,-1,mechanism_selected,-1,0.4388928692449097
B1,baseline,1,37,-1,mechanism_selected,-1,0.2714603450245112
B1,baseline,1,24,1,window_mean_9,1,0.5585529150460613
B1,baseline,1,25,1,window_mean_9,-1,0.013255102673401065
B1,baseline,1,26,1,window_mean_9,1,0.6058360114159868
B1,baseline,1,27,1,window_mean_9,-1,0.48527111598760697
B1,baseline,1,28,1,window_mean_9,-1,0.3756021089140143
B1,baseline,1,29,1,window_mean_9,1,0.5542622713026996
B1,baseline,1,30,-1,window_mean_9,-1,0.4596875869091631
B1,baseline,1,31,1,window_mean_9,1,0.6652815514406692
B1,baseline,1,32,-1,window_mean_9,1,0.7795643813903417
B1,baseline,1,33,-1,window_mean_9,-1,0.39229090243559156
B1,baseline,1,34,1,window_mean_9,-1,0.4763851253538994
B1,baseline,1,35,-1,window_mean_9,1,0.509306258931763
B1,baseline,1,37,-1,window_mean_9,-1,0.3921105814169013
B1,denoised,1,24,1,mechanism_selected,1,0.5679050702716573
B1,denoised,1,25,1,mechanism_selected,-1,0.03042903779850872
B1,denoised,1,26,1,mechanism_selected,1,0.5920191243769137
B1,denoised,1,27,1,mechanism_selected,-1,0.4891040429815907
B1,denoised,1,28,1,mechanism_selected,-1,0.26958655314541075
B1,denoised,1,29,1,mechanism_selected,1,0.5819877027372669
B1,denoised,1,30,-1,mechanism_selected,1,0.54158681110233
B1,denoised,1,31,1,mechanism_selected,1,0.644226561090927
B1,denoised,1,32,-1,mechanism_selected,1,0.701223336167567
B1,denoised,1,33,-1,mechanism_selected,-1,0.38547292846563513
B1,denoised,1,34,1,mechanism_selected,-1,0.41626221218308285
B1,denoised,1,35,-1,mechanism_selected,-1,0.41508650221192867
B1,denoised,1,37,-1,mechanism_selected,-1,0.26889657852636933
B1,denoised,1,24,1,window_mean_9,1,0.5553235681334889
B1,denoised,1,25,1,window_mean_9,-1,0.014160578298420837
B1,denoised,1,26,1,window_mean_9,1,0.6033403989039936
B1,denoised,1,27,1,window_mean_9,-1,0.4814230857664395
B1,denoised,1,28,1,window_mean_9,-1,0.3822544090570359
B1,denoised,1,29,1,window_mean_9,1,0.5522708122542261
B1,denoised,1,30,-1,window_mean_9,-1,0.45209261816880253
B1,denoised,1,31,1,window_mean_9,1,0.6638889813956833
B1,denoised,1,32,-1,window_mean_9,1,0.7867117115303353
B1,denoised,1,33,-1,window_mean_9,-1,0.3923347009703749
B1,denoised,1,34,1,window_mean_9,-1,0.48005036211688024
B1,denoised,1,35,-1,window_mean_9,1,0.5056849670639264
B1,denoised,1,37,-1,window_mean_9,-1,0.3942126191704964
B1,baseline,2,44,1,mechanism_selected,1,0.5251436129817729
B1,baseline,2,45,1,mechanism_selected,1,0.516335042392699
B1,baseline,2,46,-1,mechanism_selected,1,0.6542287452141978
B1,baseline,2,47,-1,mechanism_selected,-1,0.04067107730319861
B1,baseline,2,48,1,mechanism_selected,1,0.5442551106521007
B1,baseline,2,49,1,mechanism_selected,1,0.5000995702481793
B1,baseline,2,50,-1,mechanism_selected,1,0.6176924602390865
B1,baseline,2,51,1,mechanism_selected,-1,0.4673011878485105
B1,baseline,2,52,-1,mechanism_selected,-1,0.4209984497446719
B1,baseline,2,53,1,mechanism_selected,-1,0.4968136336635088
B1,baseline,2,55,1,mechanism_selected,1,0.7058909952074771
B1,baseline,2,56,-1,mechanism_selected,1,0.5526952414173754
B1,baseline,2,57,1,mechanism_selected,1,0.5514240903946452
B1,baseline,2,44,1,window_mean_9,1,0.5263261427780996
B1,baseline,2,45,1,window_mean_9,1,0.5202157968209032
B1,baseline,2,46,-1,window_mean_9,1,0.5940212658016749
B1,baseline,2,47,-1,window_mean_9,-1,0.027321694063645242
B1,baseline,2,48,1,window_mean_9,-1,0.4469787199564208
B1,baseline,2,49,1,window_mean_9,-1,0.49015846607270264
B1,baseline,2,50,-1,window_mean_9,1,0.6073954713759951
B1,baseline,2,51,1,window_mean_9,1,0.5044087552030744
B1,baseline,2,52,-1,window_mean_9,-1,0.40720537515613775
B1,baseline,2,53,1,window_mean_9,1,0.5028259006063194
B1,baseline,2,55,1,window_mean_9,1,0.6889084062835276
B1,baseline,2,56,-1,window_mean_9,1,0.5523503417036221
B1,baseline,2,57,1,window_mean_9,1,0.5626791120214255
B1,denoised,2,44,1,mechanism_selected,1,0.5316158520265842
B1,denoised,2,45,1,mechanism_selected,1,0.5199149502881371
B1,denoised,2,46,-1,mechanism_selected,1,0.6694192959819719
B1,denoised,2,47,-1,mechanism_selected,-1,0.03642370270884658
B1,denoised,2,48,1,mechanism_selected,1,0.5524964272492979
B1,denoised,2,49,1,mechanism_selected,-1,0.4969874626923882
B1,denoised,2,50,-1,mechanism_selected,1,0.6111977557715327
B1,denoised,2,51,1,mechanism_selected,-1,0.4675087979043609
B1,denoised,2,52,-1,mechanism_selected,-1,0.423955302941709
B1,denoised,2,53,1,mechanism_selected,-1,0.49740756699963035
B1,denoised,2,55,1,mechanism_selected,1,0.7119690044054611
B1,denoised,2,56,-1,mechanism_selected,1,0.5488041976355228
B1,denoised,2,57,1,mechanism_selected,1,0.5611199695486588
B1,denoised,2,44,1,window_mean_9,1,0.5291546058677249
B1,denoised,2,45,1,window_mean_9,1,0.524896042082727
B1,denoised,2,46,-1,window_mean_9,1,0.5896623748796541
B1,denoised,2,47,-1,window_mean_9,-1,0.022217287154196404
B1,denoised,2,48,1,window_mean_9,-1,0.43710482889251745
B1,denoised,2,49,1,window_mean_9,-1,0.4869126052710532
B1,denoised,2,50,-1,window_mean_9,1,0.6088646594105949
B1,denoised,2,51,1,window_mean_9,1,0.5067706265957521
B1,denoised,2,52,-1,window_mean_9,-1,0.4030565163068075
B1,denoised,2,53,1,window_mean_9,1,0.5033596438089464
B1,denoised,2,55,1,window_mean_9,1,0.6884446839307315
B1,denoised,2,56,-1,window_mean_9,1,0.5520755318763687
B1,denoised,2,57,1,window_mean_9,1,0.5727840678595816
B1,baseline,3,64,-1,mechanism_selected,-1,0.3061464968410004
B1,baseline,3,65,-1,mechanism_selected,1,0.5032274801845709
B1,baseline,3,66,-1,mechanism_selected,-1,0.4497977132098081
B1,baseline,3,67,1,mechanism_selected,1,0.6686633081848332
B1,baseline,3,68,1,mechanism_selected,1,0.5361127426888277
B1,baseline,3,69,-1,mechanism_selected,1,0.6629200825387964
B1,baseline,3,70,-1,mechanism_selected,-1,0.4571069232750069
B1,baseline,3,71,1,mechanism_selected,-1,0.3979005410892718
B1,baseline,3,72,1,mechanism_selected,-1,0.24352099049904655
B1,baseline,3,73,-1,mechanism_selected,-1,0.44394299095368084
B1,baseline,3,74,-1,mechanism_selected,1,0.5561600231918373
B1,baseline,3,75,1,mechanism_selected,-1,0.14666448866253262
B1,baseline,3,76,-1,mechanism_selected,1,0.5744094285306074
B1,baseline,3,77,-1,mechanism_selected,1,0.5621874607368001
B1,baseline,3,64,-1,window_mean_9,-1,0.24939361009089206
B1,baseline,3,65,-1,window_mean_9,1,0.5607024955075327
B1,baseline,3,66,-1,window_mean_9,1,0.7687800852661774
B1,baseline,3,67,1,window_mean_9,1,0.7758002569692531
B1,baseline,3,68,1,window_mean_9,-1,0.4763025474034207
B1,baseline,3,69,-1,window_mean_9,1,0.7764333410810574
B1,baseline,3,70,-1,window_mean_9,-1,0.4641026667591468
B1,baseline,3,71,1,window_mean_9,-1,0.2471567774080743
B1,baseline,3,72,1,window_mean_9,-1,0.17956013555317646
B1,baseline,3,73,-1,window_mean_9,-1,0.43805629548506075
B1,baseline,3,74,-1,window_mean_9,1,0.5364937833178769
B1,baseline,3,75,1,window_mean_9,-1,0.09830742665387544
B1,baseline,3,76,-1,window_mean_9,-1,0.4818839346506964
B1,baseline,3,77,-1,window_mean_9,1,0.5068526038284379
B1,denoised,3,64,-1,mechanism_selected,-1,0.302037370370039
B1,denoised,3,65,-1,mechanism_selected,1,0.5097666931094486
B1,denoised,3,66,-1,mechanism_selected,-1,0.4417610545080772
B1,denoised,3,67,1,mechanism_selected,1,0.6745165497740979
B1,denoised,3,68,1,mechanism_selected,1,0.5398024958139969
B1,denoised,3,69,-1,mechanism_selected,1,0.6482822584836977
B1,denoised,3,70,-1,mechanism_selected,-1,0.45402858776735355
B1,denoised,3,71,1,mechanism_selected,-1,0.37644522772584743
B1,denoised,3,72,1,mechanism_selected,-1,0.25527667088179395
B1,denoised,3,73,-1,mechanism_selected,-1,0.43990047645390473
B1,denoised,3,74,-1,mechanism_selected,1,0.550700845618376
B1,denoised,3,75,1,mechanism_selected,-1,0.14595573522235308
B1,denoised,3,76,-1,mechanism_selected,1,0.5968129990557413
B1,denoised,3,77,-1,mechanism_selected,1,0.56871588328725
B1,denoised,3,64,-1,window_mean_9,-1,0.2401864927815866
B1,denoised,3,65,-1,window_mean_9,1,0.5808162091423299
B1,denoised,3,66,-1,window_mean_9,1,0.7517454677837634
B1,denoised,3,67,1,window_mean_9,1,0.794224600395806
B1,denoised,3,68,1,window_mean_9,-1,0.4647282189995338
B1,denoised,3,69,-1,window_mean_9,1,0.7780337607163252
B1,denoised,3,70,-1,window_mean_9,-1,0.46202337893413914
B1,denoised,3,71,1,window_mean_9,-1,0.22591568317290986
B1,denoised,3,72,1,window_mean_9,-1,0.18459986043372853
B1,denoised,3,73,-1,window_mean_9,-1,0.43182667339488123
B1,denoised,3,74,-1,window_mean_9,1,0.5343930324989503
B1,denoised,3,75,1,window_mean_9,-1,0.08967142731202846
B1,denoised,3,76,-1,window_mean_9,-1,0.4780730590793551
B1,denoised,3,77,-1,window_mean_9,-1,0.4990986926295884
B1,baseline,4,84,-1,mechanism_selected,1,0.5161411103596566
B1,baseline,4,85,1,mechanism_selected,1,0.5023955087934199
B1,baseline,4,86,-1,mechanism_selected,1,0.540989424514681
B1,baseline,4,87,-1,mechanism_selected,1,0.5114227305625557
B1,baseline,4,89,-1,mechanism_selected,1,0.645951581272396
B1,baseline,4,90,-1,mechanism_selected,1,0.5329569307676267
B1,baseline,4,91,1,mechanism_selected,1,0.5129055844786877
B1,baseline,4,93,-1,mechanism_selected,1,0.5865341547626715
B1,baseline,4,94,1,mechanism_selected,1,0.5133902311283894
B1,baseline,4,95,-1,mechanism_selected,1,0.5852256622339377
B1,baseline,4,96,1,mechanism_selected,1,0.55901945150048
B1,baseline,4,97,-1,mechanism_selected,-1,0.44916311834813516
B1,baseline,4,98,1,mechanism_selected,1,0.6041181074670748
B1,baseline,4,99,1,mechanism_selected,1,0.5179704239649744
B1,baseline,4,84,-1,window_mean_9,1,0.5109452073016439
B1,baseline,4,85,1,window_mean_9,1,0.5284322540925817
B1,baseline,4,86,-1,window_mean_9,1,0.5167878456279408
B1,baseline,4,87,-1,window_mean_9,1,0.5182711038193598
B1,baseline,4,89,-1,window_mean_9,1,0.5242972239983033
B1,baseline,4,90,-1,window_mean_9,1,0.5167643991861626
B1,baseline,4,91,1,window_mean_9,1,0.551998810728669
B1,baseline,4,93,-1,window_mean_9,1,0.556612124215151
B1,baseline,4,94,1,window_mean_9,1,0.5429293379400768
B1,baseline,4,95,-1,window_mean_9,1,0.5570440891486949
B1,baseline,4,96,1,window_mean_9,1,0.5472975180815013
B1,baseline,4,97,-1,window_mean_9,1,0.5064582212073659
B1,baseline,4,98,1,window_mean_9,1,0.5857288426215523
B1,baseline,4,99,1,window_mean_9,1,0.5130881478450471
B1,denoised,4,84,-1,mechanism_selected,1,0.5164077632459543
B1,denoised,4,85,1,mechanism_selected,1,0.501521703866336
B1,denoised,4,86,-1,mechanism_selected,1,0.5452819947683076
B1,denoised,4,87,-1,mechanism_selected,1,0.5041164863088182
B1,denoised,4,89,-1,mechanism_selected,1,0.6610972260872907
B1,denoised,4,90,-1,mechanism_selected,1,0.5332135157296862
B1,denoised,4,91,1,mechanism_selected,1,0.50135912567689
B1,denoised,4,93,-1,mechanism_selected,1,0.5950801549392883
B1,denoised,4,94,1,mechanism_selected,1,0.5027736367299023
B1,denoised,4,95,-1,mechanism_selected,1,0.5950665109195642
B1,denoised,4,96,1,mechanism_selected,1,0.5623173612300452
B1,denoised,4,97,-1,mechanism_selected,-1,0.4295747404746487
B1,denoised,4,98,1,mechanism_selected,1,0.6102841064622557
B1,denoised,4,99,1,mechanism_selected,1,0.5142941584348474
B1,denoised,4,84,-1,window_mean_9,1,0.5073829336209531
B1,denoised,4,85,1,window_mean_9,1,0.528806285301452
B1,denoised,4,86,-1,window_mean_9,1,0.5145928269824848
B1,denoised,4,87,-1,window_mean_9,1,0.5144000132339595
B1,denoised,4,89,-1,window_mean_9,1,0.5243004801388188
B1,denoised,4,90,-1,window_mean_9,1,0.5152025842418612
B1,denoised,4,91,1,window_mean_9,1,0.5490878138591501
B1,denoised,4,93,-1,window_mean_9,1,0.5537037117135473
B1,denoised,4,94,1,window_mean_9,1,0.5401264232663717
B1,denoised,4,95,-1,window_mean_9,1,0.5556128062248405
B1,denoised,4,96,1,window_mean_9,1,0.5460250499194435
B1,denoised,4,97,-1,window_mean_9,1,0.5011394150984967
B1,denoised,4,98,1,window_mean_9,1,0.5857205215833419
B1,denoised,4,99,1,window_mean_9,1,0.5076455813796426
B2,baseline,0,2,-1,mechanism_selected,1,0.7592521250227836
B2,baseline,0,3,-1,mechanism_selected,-1,0.49612717090748365
B2,baseline,0,4,1,mechanism_selected,-1,0.48721225158327797
B2,baseline,0,5,-1,mechanism_selected,-1,0.457520773519626
B2,baseline,0,6,1,mechanism_selected,1,0.7926252078923507
B2,baseline,0,7,1,mechanism_selected,1,0.6606271307965872
B2,baseline,0,8,1,mechanism_selected,1,0.5789621472138744
B2,baseline,0,9,1,mechanism_selected,1,0.5022411720962707
B2,baseline,0,10,-1,mechanism_selected,1,0.7673407737940735
B2,baseline,0,11,1,mechanism_selected,1,0.6293852167091594
B2,baseline,0,12,1,mechanism_selected,-1,0.438288648768866
B2,baseline,0,13,1,mechanism_selected,-1,0.4418020040739127
B2,baseline,0,15,1,mechanism_selected,1,0.7523281499714596
B2,baseline,0,17,-1,mechanism_selected,1,0.6477492156779598
B2,baseline,0,2,-1,window_mean_9,1,0.723144234326157
B2,baseline,0,3,-1,window_mean_9,-1,0.48189274449816505
B2,baseline,0,4,1,window_mean_9,-1,0.48766788231573116
B2,baseline,0,5,-1,window_mean_9,-1,0.4514092372246663
B2,baseline,0,6,1,window_mean_9,1,0.7762743252860635
B2,baseline,0,7,1,window_mean_9,1,0.6292986853577069
B2,baseline,0,8,1,window_mean_9,1,0.5676692584154924
B2,baseline,0,9,1,window_mean_9,-1,0.49246811792005724
B2,baseline,0,10,-1,window_mean_9,1,0.769472422253665
B2,baseline,0,11,1,window_mean_9,1,0.6174078719500318
B2,baseline,0,12,1,window_mean_9,-1,0.43369452946228504
B2,baseline,0,13,1,window_mean_9,-1,0.4852760821381337
B2,baseline,0,15,1,window_mean_9,1,0.7630220009813302
B2,baseline,0,17,-1,window_mean_9,1,0.6538340057296403
B2,denoised,0,2,-1,mechanism_selected,1,0.7528241079598662
B2,denoised,0,3,-1,mechanism_selected,1,0.5017508166991219
B2,denoised,0,4,1,mechanism_selected,-1,0.4931003534808669
B2,denoised,0,5,-1,mechanism_selected,-1,0.4598280390702385
B2,denoised,0,6,1,mechanism_selected,1,0.7948764358394085
B2,denoised,0,7,1,mechanism_selected,1,0.6418419598181293
B2,denoised,0,8,1,mechanism_selected,1,0.5912143614661192
B2,denoised,0,9,1,mechanism_selected,1,0.5076647632568734
B2,denoised,0,10,-1,mechanism_selected,1,0.7693267636289791
B2,denoised,0,11,1,mechanism_selected,1,0.6722085307742796
B2,denoised,0,12,1,mechanism_selected,-1,0.4304353772739412
B2,denoised,0,13,1,mechanism_selected,-1,0.4408783577916102
B2,denoised,0,15,1,mechanism_selected,1,0.7694974768822609
B2,denoised,0,17,-1,mechanism_selected,1,0.6768400704821127
B2,denoised,0,2,-1,window_mean_9,1,0.7178088865835346
B2,denoised,0,3,-1,window_mean_9,-1,0.48099396007895107
B2,denoised,0,4,1,window_mean_9,-1,0.4858786632687962
B2,denoised,0,5,-1,window_mean_9,-1,0.44424212793768547
B2,denoised,0,6,1,window_mean_9,1,0.7696838172333254
B2,denoised,0,7,1,window_mean_9,1,0.6220980556155155
B2,denoised,0,8,1,window_mean_9,1,0.5820622591436926
B2,denoised,0,9,1,window_mean_9,-1,0.48936695673728137
B2,denoised,0,10,-1,window_mean_9,1,0.768056641601657
B2,denoised,0,11,1,window_mean_9,1,0.6340808457722185
B2,denoised,0,12,1,window_mean_9,-1,0.41947566526628055
B2,denoised,0,13,1,window_mean_9,-1,0.4806776721568015
B2,denoised,0,15,1,window_mean_9,1,0.7645064232776768
B2,denoised,0,17,-1,window_mean_9,1,0.6799887946644594
B2,baseline,1,24,-1,mechanism_selected,1,0.5436128917124377
B2,baseline,1,25,-1,mechanism_selected,1,0.5238168721605886
B2,baseline,1,26,1,mechanism_selected,-1,0.4876556173254159
B2,baseline,1,27,-1,mechanism_selected,-1,0.4358038174088228
B2,baseline,1,28,-1,mechanism_selected,-1,0.49944053353716206
B2,baseline,1,29,-1,mechanism_selected,1,0.5128468390213706
B2,baseline,1,30,1,mechanism_selected,1,0.6312925131325917
B2,baseline,1,31,1,mechanism_selected,-1,0.4639678407691736
B2,baseline,1,32,1,mechanism_selected,1,0.6087970614146081
B2,baseline,1,33,1,mechanism_selected,-1,0.3104457012797765
B2,baseline,1,34,1,mechanism_selected,1,0.5500803043855327
B2,baseline,1,35,-1,mechanism_selected,1,0.5380171563431138
B2,baseline,1,36,1,mechanism_selected,1,0.5790050330364082
B2,baseline,1,37,-1,mechanism_selected,-1,0.4800503798174134
B2,baseline,1,24,-1,window_mean_9,1,0.5174642762298103
B2,baseline,1,25,-1,window_mean_9,1,0.5647795003915729
B2,baseline,1,26,1,window_mean_9,1,0.5755892796872908
B2,baseline,1,27,-1,window_mean_9,-1,0.3379724347472322
B2,baseline,1,28,-1,window_mean_9,1,0.502899236078601
B2,baseline,1,29,-1,window_mean_9,1,0.5505485443919337
B2,baseline,1,30,1,window_mean_9,1,0.6828780197563726
B2,baseline,1,31,1,window_mean_9,-1,0.47327710263049433
B2,baseline,1,32,1,window_mean_9,1,0.6030849508121843
B2,baseline,1,33,1,window_mean_9,-1,0.3408692505088119
B2,baseline,1,34,1,window_mean_9,-1,0.4855092437438743
B2,baseline,1,35,-1,window_mean_9,1,0.5838015197900782
B2,baseline,1,36,1,window_mean_9,1,0.5875473117204998
B2,baseline,1,37,-1,window_mean_9,-1,0.480968886864402
B2,denoised,1,24,-1,mechanism_selected,1,0.5256077382649617
B2,denoised,1,25,-1,mechanism_selected,1,0.5212342377300037
B2,denoised,1,26,1,mechanism_selected,1,0.5375110573942461
B2,denoised,1,27,-1,mechanism_selected,-1,0.39774206353141667
B2,denoised,1,28,-1,mechanism_selected,-1,0.49478562979314744
B2,denoised,1,29,-1,mechanism_selected,1,0.5113727925578572
B2,denoised,1,30,1,mechanism_selected,1,0.6378426203014596
B2,denoised,1,31,1,mechanism_selected,-1,0.4595313051380089
B2,denoised,1,32,1,mechanism_selected,1,0.5974678989719049
B2,denoised,1,33,1,mechanism_selected,-1,0.34838912234092745
B2,denoised,1,34,1,mechanism_selected,1,0.5063884766017791
B2,denoised,1,35,-1,mechanism_selected,1,0.5267094369846017
B2,denoised,1,36,1,mechanism_selected,1,0.5961840960975335
B2,denoised,1,37,-1,mechanism_selected,-1,0.4753568079359847
B2,denoised,1,24,-1,window_mean_9,1,0.5125828711182732
B2,denoised,1,25,-1,window_mean_9,1,0.5531007726418165
B2,denoised,1,26,1,window_mean_9,1,0.6079878899952346
B2,denoised,1,27,-1,window_mean_9,-1,0.32070407209684276
B2,denoised,1,28,-1,window_mean_9,1,0.5010406713597577
B2,denoised,1,29,-1,window_mean_9,1,0.5508533625745649
B2,denoised,1,30,1,window_mean_9,1,0.6863953895312584
B2,denoised,1,31,1,window_mean_9,-1,0.4628910484920987
B2,denoised,1,32,1,window_mean_9,1,0.5954791610182513
B2,denoised,1,33,1,window_mean_9,-1,0.3658652816265452
B2,denoised,1,34,1,window_mean_9,-1,0.45831579346320395
B2,denoised,1,35,-1,window_mean_9,1,0.5783039272412864
B2,denoised,1,36,1,window_mean_9,1,0.6050348183760682
B2,denoised,1,37,-1,window_mean_9,-1,0.4755311215761816
B2,baseline,2,44,1,mechanism_selected,-1,0.4611823675294709
B2,baseline,2,45,-1,mechanism_selected,1,0.8296610460806954
B2,baseline,2,46,-1,mechanism_selected,-1,0.3780982184726547
B2,baseline,2,47,1,mechanism_selected,-1,0.402831449359651
B2,baseline,2,48,-1,mechanism_selected,1,0.6039849658094381
B2,baseline,2,49,1,mechanism_selected,-1,0.453320039416815
B2,baseline,2,51,-1,mechanism_selected,-1,0.4143313821494473
B2,baseline,2,52,-1,mechanism_selected,-1,0.43096756602172315
B2,baseline,2,53,1,mechanism_selected,-1,0.317416516592899
B2,baseline,2,55,1,mechanism_selected,1,0.5554468701663181
B2,baseline,2,56,-1,mechanism_selected,-1,0.2521031921905497
B2,baseline,2,44,1,window_mean_9,-1,0.4694016195347475
B2,baseline,2,45,-1,window_mean_9,1,0.8763313486842683
B2,baseline,2,46,-1,window_mean_9,-1,0.3705192192101286
B2,baseline,2,47,1,window_mean_9,1,0.5166157686510046
B2,baseline,2,48,-1,window_mean_9,1,0.5312463255755441
B2,baseline,2,49,1,window_mean_9,-1,0.4511838948426454
B2,baseline,2,51,-1,window_mean_9,-1,0.4092743936808317
B2,baseline,2,52,-1,window_mean_9,-1,0.4381028996385913
B2,baseline,2,53,1,window_mean_9,-1,0.32499250642398897
B2,baseline,2,55,1,window_mean_9,1,0.5390436228559474
B2,baseline,2,56,-1,window_mean_9,-1,0.1665108578557189
B2,denoised,2,44,1,mechanism_selected,-1,0.47305945162244806
B2,denoised,2,45,-1,mechanism_selected,1,0.8584256422273435
B2,denoised,2,46,-1,mechanism_selected,-1,0.3906080944108227
B2,denoised,2,47,1,mechanism_selected,-1,0.376765852311408
B2,denoised,2,48,-1,mechanism_selected,1,0.6542211815989979
B2,denoised,2,49,1,mechanism_selected,-1,0.47077811972426764
B2,denoised,2,51,-1,mechanism_selected,-1,0.42367638325446066
B2,denoised,2,52,-1,mechanism_selected,-1,0.43858703540699223
B2,denoised,2,53,1,mechanism_selected,-1,0.33044482924930324
B2,denoised,2,55,1,mechanism_selected,1,0.5741975041674615
B2,denoised,2,56,-1,mechanism_selected,-1,0.27885721822129667
B2,denoised,2,44,1,window_mean_9,-1,0.47252913114298695
B2,denoised,2,45,-1,window_mean_9,1,0.8782391474645541
B2,denoised,2,46,-1,window_mean_9,-1,0.36524419587031276
B2,denoised,2,47,1,window_mean_9,1,0.5156236850350407
B2,denoised,2,48,-1,window_mean_9,1,0.5447993866974414
B2,denoised,2,49,1,window_mean_9,-1,0.4553379830968422
B2,denoised,2,51,-1,window_mean_9,-1,0.401340538364212
B2,denoised,2,52,-1,window_mean_9,-1,0.4386856882221092
B2,denoised,2,53,1,window_mean_9,-1,0.3209746011532697
B2,denoised,2,55,1,window_mean_9,1,0.5419529206143144
B2,denoised,2,56,-1,window_mean_9,-1,0.18237941358566542
B2,baseline,3,64,-1,mechanism_selected,-1,0.4561449091755333
B2,baseline,3,65,1,mechanism_selected,-1,0.32538039452254286
B2,baseline,3,66,1,mechanism_selected,1,0.5726918166864188
B2,baseline,3,67,1,mechanism_selected,1,0.7199393441048293
B2,baseline,3,68,1,mechanism_selected,1,0.611687385655513
B2,baseline,3,69,-1,mechanism_selected,1,0.5433369236321626
B2,baseline,3,70,-1,mechanism_selected,-1,0.4754331777369657
B2,baseline,3,71,1,mechanism_selected,-1,0.48084293545182283
B2,baseline,3,72,1,mechanism_selected,-1,0.3545517471248524
B2,baseline,3,73,1,mechanism_selected,-1,0.47222817737729694
B2,baseline,3,74,-1,mechanism_selected,-1,0.35887164337971594
B2,baseline,3,75,-1,mechanism_selected,1,0.5237181887845962
B2,baseline,3,76,1,mechanism_selected,-1,0.30286119454754673
B2,baseline,3,77,1,mechanism_selected,-1,0.49641241285745635
B2,baseline,3,64,-1,window_mean_9,-1,0.4361290892969229
B2,baseline,3,65,1,window_mean_9,-1,0.33313109147214465
B2,baseline,3,66,1,window_mean_9,-1,0.4911519637078409
B2,baseline,3,67,1,window_mean_9,1,0.7238287334717547
B2,baseline,3,68,1,window_mean_9,1,0.6518371560025095
B2,baseline,3,69,-1,window_mean_9,1,0.5381175099234816
B2,baseline,3,70,-1,window_mean_9,-1,0.45398158718358683
B2,baseline,3,71,1,window_mean_9,-1,0.4967193817425616
B2,baseline,3,72,1,window_mean_9,-1,0.3670083947418861
B2,baseline,3,73,1,window_mean_9,-1,0.4678926031515374
B2,baseline,3,74,-1,window_mean_9,-1,0.34661425653517514
B2,baseline,3,75,-1,window_mean_9,1,0.5693175879819755
B2,baseline,3,76,1,window_mean_9,-1,0.28250858001742407
B2,baseline,3,77,1,window_mean_9,1,0.5259535538045711
B2,denoised,3,64,-1,mechanism_selected,-1,0.42942067038250215
B2,denoised,3,65,1,mechanism_selected,-1,0.30824486411658525
B2,denoised,3,66,1,mechanism_selected,1,0.584734328168117
B2,denoised,3,67,1,mechanism_selected,1,0.7381602510973482
B2,denoised,3,68,1,mechanism_selected,1,0.606868979056705
B2,denoised,3,69,-1,mechanism_selected,1,0.5381180572786467
B2,denoised,3,70,-1,mechanism_selected,-1,0.4435122337562375
B2,denoised,3,71,1,mechanism_selected,-1,0.49049944794675676
B2,denoised,3,72,1,mechanism_selected,-1,0.3665012035101285
B2,denoised,3,73,1,mechanism_selected,-1,0.47406633136604515
B2,denoised,3,74,-1,mechanism_selected,-1,0.3408907109027662
B2,denoised,3,75,-1,mechanism_selected,1,0.518730621434819
B2,denoised,3,76,1,mechanism_selected,-1,0.29696503160614873
B2,denoised,3,77,1,mechanism_selected,-1,0.48582916717186436
B2,denoised,3,64,-1,window_mean_9,-1,0.4228909849714505
B2,denoised,3,65,1,window_mean_9,-1,0.3248536029077979
B2,denoised,3,66,1,window_mean_9,-1,0.4963888148644101
B2,denoised,3,67,1,window_mean_9,1,0.7403499916996217
B2,denoised,3,68,1,window_mean_9,1,0.6526774548272255
B2,denoised,3,69,-1,window_mean_9,1,0.5347587632598566
B2,denoised,3,70,-1,window_mean_9,-1,0.4408801448050035
B2,denoised,3,71,1,window_mean_9,-1,0.4981991313187337
B2,denoised,3,72,1,window_mean_9,-1,0.3728024790611987
B2,denoised,3,73,1,window_mean_9,-1,0.4696357779150965
B2,denoised,3,74,-1,window_mean_9,-1,0.33953610128424233
B2,denoised,3,75,-1,window_mean_9,1,0.5637395519783025
B2,denoised,3,76,1,window_mean_9,-1,0.27283033407798724
B2,denoised,3,77,1,window_mean_9,1,0.5210362570479167
B2,baseline,4,84,-1,mechanism_selected,1,0.5975009876969085
B2,baseline,4,85,-1,mechanism_selected,1,0.8792535946603921
B2,baseline,4,86,1,mechanism_selected,-1,0.4401455619518365
B2,baseline,4,87,-1,mechanism_selected,1,0.5143981532885865
B2,baseline,4,88,1,mechanism_selected,1,0.6754226366009107
B2,baseline,4,89,-1,mechanism_selected,-1,0.43187547657027964
B2,baseline,4,90,1,mechanism_selected,-1,0.47552814738702015
B2,baseline,4,91,-1,mechanism_selected,-1,0.1846692401217296
B2,baseline,4,92,-1,mechanism_selected,-1,0.4609533387442524
B2,baseline,4,93,1,mechanism_selected,-1,0.4558104730496121
B2,baseline,4,94,-1,mechanism_selected,1,0.6308061320359251
B2,baseline,4,95,1,mechanism_selected,1,0.5802803002279522
B2,baseline,4,96,1,mechanism_selected,-1,0.15988806069240247
B2,baseline,4,97,-1,mechanism_selected,1,0.5839464479549494
B2,baseline,4,98,-1,mechanism_selected,1,0.5791001605242955
B2,baseline,4,99,1,mechanism_selected,1,0.5620269569121574
B2,baseline,4,84,-1,window_mean_9,1,0.5756627616834398
B2,baseline,4,85,-1,window_mean_9,1,0.7775403203796952
B2,baseline,4,86,1,window_mean_9,-1,0.4602321368215544
B2,baseline,4,87,-1,window_mean_9,-1,0.49809928401631226
B2,baseline,4,88,1,window_mean_9,1,0.6959912415654438
B2,baseline,4,89,-1,window_mean_9,-1,0.3674960671553179
B2,baseline,4,90,1,window_mean_9,-1,0.44679302172560237
B2,baseline,4,91,-1,window_mean_9,-1,0.20201806672675482
B2,baseline,4,92,-1,window_mean_9,-1,0.45119738744241833
B2,baseline,4,93,1,window_mean_9,-1,0.492890215332394
B2,baseline,4,94,-1,window_mean_9,1,0.5732292540621472
B2,baseline,4,95,1,window_mean_9,1,0.5484810917321851
B2,baseline,4,96,1,window_mean_9,-1,0.28699078692271124
B2,baseline,4,97,-1,window_mean_9,1,0.5640699994591746
B2,baseline,4,98,-1,window_mean_9,1,0.5242988313786471
B2,baseline,4,99,1,window_mean_9,1,0.5353666216294314
B2,denoised,4,84,-1,mechanism_selected,1,0.6247838312474778
B2,denoised,4,85,-1,mechanism_selected,1,0.8739256306078894
B2,denoised,4,86,1,mechanism_selected,-1,0.4463909228561555
B2,denoised,4,87,-1,mechanism_selected,1,0.507218669660225
B2,denoised,4,88,1,mechanism_selected,1,0.6625458582824569
B2,denoised,4,89,-1,mechanism_selected,-1,0.46548729146868034
B2,denoised,4,90,1,mechanism_selected,-1,0.49125853598559716
B2,denoised,4,91,-1,mechanism_selected,-1,0.21312948353413488
B2,denoised,4,92,-1,mechanism_selected,-1,0.4364589945981248
B2,denoised,4,93,1,mechanism_selected,-1,0.43803039836297536
B2,denoised,4,94,-1,mechanism_selected,1,0.6421964901663874
B2,denoised,4,95,1,mechanism_selected,1,0.5866803480977065
B2,denoised,4,96,1,mechanism_selected,-1,0.1399200223324778
B2,denoised,4,97,-1,mechanism_selected,1,0.6132422702137914
B2,denoised,4,98,-1,mechanism_selected,1,0.6169528472416378
B2,denoised,4,99,1,mechanism_selected,1,0.5681130874670871
B2,denoised,4,84,-1,window_mean_9,1,0.5921389340557676
B2,denoised,4,85,-1,window_mean_9,1,0.7740210687643743
B2,denoised,4,86,1,window_mean_9,-1,0.46127666092371394
B2,denoised,4,87,-1,window_mean_9,-1,0.4953722363606077
B2,denoised,4,88,1,window_mean_9,1,0.6898577057261257
B2,denoised,4,89,-1,window_mean_9,-1,0.376325043797838
B2,denoised,4,90,1,window_mean_9,-1,0.4462770507773267
B2,denoised,4,91,-1,window_mean_9,-1,0.21747999237939647
B2,denoised,4,92,-1,window_mean_9,-1,0.4411028007701861
B2,denoised,4,93,1,window_mean_9,-1,0.4946186923740653
B2,denoised,4,94,-1,window_mean_9,1,0.5811453023784633
B2,denoised,4,95,1,window_mean_9,1,0.5630540080068451
B2,denoised,4,96,1,window_mean_9,-1,0.2798861331608462
B2,denoised,4,97,-1,window_mean_9,1,0.5817257693583655
B2,denoised,4,98,-1,window_mean_9,1,0.5353325531273498
B2,denoised,4,99,1,window_mean_9,1,0.541251651090074
