dataset,model,stage,MSE,zero_MSE,baseline_MSE,normalized_MSE,RMSE,NRMSE,S_zero,S_train_baseline,n_trials,setting
A1,B0,encoding,13236.765455566077,14101.802634763324,14074.293121942592,0.2732317839898242,115.05114278252988,0.522715777444898,0.061342312156942524,0.05950761854396536,65,past
A1,B0,maintenance,57266.94718049513,66262.2424471788,70149.22938719629,1.1653851320818513,239.30513404541728,1.0795300514954882,0.1357529557478273,0.18364110795281874,65,past
A1,B0,retrieval,64259.80533299812,79958.28338089834,82426.64834710919,1.4075432007667712,253.495178125735,1.186399258583202,0.19633335514617256,0.22040011790371683,65,past
A1,N0,encoding,13663.01951225661,14101.802634763324,14074.293121942592,0.27967254839405487,116.88891954439741,0.5288407590135757,0.031115392398489594,0.029221617464026295,65,past
A1,N0,maintenance,57084.59651047434,66262.2424471788,70149.22938719629,1.1623310958787423,238.92382993430007,1.0781146023863801,0.1385049101533269,0.18624057585309017,65,past
A1,N0,retrieval,64729.24114209701,79958.28338089834,82426.64834710919,1.414885792509052,254.41941974247368,1.1894897193793026,0.19046234604930845,0.21470492322441803,65,past
A1,N1,encoding,14201.76068809719,14101.802634763324,14074.293121942592,0.28713774969978845,119.1711403322851,0.5358523581172229,-0.007088317424571944,-0.009056765057413152,65,past
A1,N1,maintenance,57518.561391801275,66262.2424471788,70149.22938719629,1.1683089007072798,239.83027622008294,1.0808833890421667,0.13195570708835547,0.18005426582348716,65,past
A1,N1,retrieval,64726.46582004833,79958.28338089834,82426.64834710919,1.415240813655563,254.41396545796837,1.189638942560121,0.1904970556745197,0.21473859342822144,65,past
A1,N2,encoding,14923.087410236358,14101.802634763324,14074.293121942592,0.29829517267761174,122.16008926910769,0.5461640528976727,-0.0582397014583389,-0.06030812922110096,65,past
A1,N2,maintenance,57829.48408532687,66262.2424471788,70149.22938719629,1.1727477004527582,240.4776165993976,1.0829347627871027,0.12726340145481996,0.1756219620584747,65,past
A1,N2,retrieval,63172.676952464455,79958.28338089834,82426.64834710919,1.3901182869079989,251.34175330108695,1.1790327760109127,0.20992954974373412,0.2335891581271604,65,past
A1,N3,encoding,13735.334433051063,14101.802634763324,14074.293121942592,0.2831243065854086,117.1978431245689,0.5320942647552298,0.0259873302161282,0.024083532007946773,65,past
A1,N3,maintenance,59569.31541253767,66262.2424471788,70149.22938719629,1.1993516230932564,244.06825974005235,1.0951491328094345,0.10100664854462815,0.15082010261668932,65,past
A1,N3,retrieval,62978.788837862405,79958.28338089834,82426.64834710919,1.3900814518799562,250.95575075670692,1.1790171550405686,0.2123544156413475,0.2359414085035868,65,past
A2,B0,encoding,43261.886149035025,44697.977958956806,44431.121155594,0.4734402418776758,207.99491856541837,0.6880699396701442,0.03212878692723975,0.02631567640313226,68,past
A2,B0,maintenance,63007.242553499265,103906.94634634843,106218.9977643507,0.7172860288118371,251.0124350575072,0.8469274046881687,0.39361857152956825,0.40681757614318403,68,past
A2,B0,retrieval,77489.30105772291,119659.49333398242,117714.05526161636,0.9101652599017449,278.3690016106731,0.9540258172092331,0.35241827540216975,0.34171581392294237,68,past
A2,N0,encoding,43317.85351556969,44697.977958956806,44431.121155594,0.4758351003791903,208.12941530588532,0.6898080170447356,0.03087666392100319,0.02505603304777626,68,past
A2,N0,maintenance,65560.27976948081,103906.94634634843,106218.9977643507,0.7534945269974898,256.04741703340966,0.8680406251999325,0.36904815245987854,0.3827819773358453,68,past
A2,N0,retrieval,79540.45721947812,119659.49333398242,117714.05526161636,0.9352190136899314,282.02917795766825,0.9670672229426098,0.3352766671218287,0.324290909503529,68,past
A2,N1,encoding,39764.94640146974,44697.977958956806,44431.121155594,0.43340026312203844,199.41150017356003,0.6583314234654445,0.11036364020799205,0.10502041435739873,68,past
A2,N1,maintenance,62054.45022819282,103906.94634634843,106218.9977643507,0.713234141806164,249.1073066535641,0.8445319069201376,0.4027882407269533,0.4157876506624356,68,past
A2,N1,retrieval,76018.29126219095,119659.49333398242,117714.05526161636,0.8934827881465647,275.7141477367292,0.9452421849169474,0.3647115732805605,0.35421228082540934,68,past
A2,N2,encoding,40088.13128151306,44697.977958956806,44431.121155594,0.43601541883907496,200.22020697600195,0.6603146362447792,0.10313322633244537,0.0977465740482254,68,past
A2,N2,maintenance,64420.32811976922,103906.94634634843,106218.9977643507,0.7411935663598644,253.81159965566826,0.8609259935440818,0.38001904218184035,0.39351406550938084,68,past
A2,N2,retrieval,78757.10260556206,119659.49333398242,117714.05526161636,0.9245161390916892,280.6369587306028,0.9615176228710991,0.34182319838391273,0.3309456340576621,68,past
A2,N3,encoding,40800.88933831251,44697.977958956806,44431.121155594,0.4452677037432401,201.99230019560773,0.6672838254770155,0.08718713459975158,0.08170470883614955,68,past
A2,N3,maintenance,66834.55249723776,103906.94634634843,106218.9977643507,0.7685798108761354,258.52379483760825,0.876686837403263,0.35678455726664215,0.37078532179797297,68,past
A2,N3,retrieval,80470.9778976447,119659.49333398242,117714.05526161636,0.9420540293521382,283.67406983657264,0.9705946782010183,0.32750026215603634,0.3163859853540847,68,past
B1,B0,encoding,16454.571177622744,26634.761749932135,26642.810688924143,0.2326915625999211,128.27537245170151,0.48238113831276724,0.3822144409583589,0.3824010773584342,64,past
B1,B0,maintenance,56471.493025728945,91434.57311776378,94087.89362133945,0.8108957090540273,237.6373140433315,0.900497478649456,0.3823835875189563,0.39980064541564975,64,past
B1,B0,retrieval,58461.33591244687,102974.56045988796,103381.47550049225,0.8476352838858549,241.78779107400536,0.920671105165061,0.4322739941655831,0.4345085942193918,64,past
B1,N0,encoding,16386.735330391468,26634.761749932135,26642.810688924143,0.23175267456896664,128.010684438415,0.48140697395131976,0.3847613324180299,0.38494719938824984,64,past
B1,N0,maintenance,56788.52561651939,91434.57311776378,94087.89362133945,0.8150544982220778,238.30343181859425,0.902803687532388,0.37891627116388216,0.39643110892600997,64,past
B1,N0,retrieval,58685.51299150488,102974.56045988796,103381.47550049225,0.8502759809780799,242.25092980524323,0.922104105282088,0.43009697997822627,0.4323401488768125,64,past
B1,N1,encoding,16308.892553531485,26634.761749932135,26642.810688924143,0.23089227613192806,127.70627452686686,0.4805125140221928,0.38768393325038697,0.38786891728689266,64,past
B1,N1,maintenance,56796.70036174548,91434.57311776378,94087.89362133945,0.8148659027813197,238.32058316844032,0.9026992316277441,0.3788268657568534,0.3963442247912775,64,past
B1,N1,retrieval,58848.37750649377,102974.56045988796,103381.47550049225,0.852372928690643,242.5868452874017,0.9232404500944719,0.4285153804621755,0.43076477462141105,64,past
B1,N2,encoding,16386.810685743574,26634.761749932135,26642.810688924143,0.23251556219550162,128.01097877035224,0.4821986750246226,0.38475850320736105,0.38494437103230095,64,past
B1,N2,maintenance,56964.19716746189,91434.57311776378,94087.89362133945,0.8166321410244692,238.67173516665497,0.9036770114507003,0.37699498969504164,0.3945640084502623,64,past
B1,N2,retrieval,58679.15940114747,102974.56045988796,103381.47550049225,0.849371111704631,242.23781579503122,0.9216133200559934,0.4301586805606714,0.43240160660245097,64,past
B1,N3,encoding,16708.77465269058,26634.761749932135,26642.810688924143,0.23662981961199545,129.2624255253265,0.48644611172461377,0.37267039181481876,0.3728599115243988,64,past
B1,N3,maintenance,57287.39592644153,91434.57311776378,94087.89362133945,0.8223314022217586,239.3478554874506,0.9068249016330322,0.37346023530226535,0.39112893570561813,64,past
B1,N3,retrieval,59436.1131393649,102974.56045988796,103381.47550049225,0.860205867413263,243.7952278847248,0.9274728391781956,0.4228077995776709,0.425079659081845,64,past
B2,B0,encoding,53821.264946884745,73545.04224899405,76659.19279741017,0.3004903544956701,231.99410541409182,0.548170005103955,0.26818636170379095,0.29791505776587013,71,past
B2,B0,maintenance,102769.07669075251,210966.8677569142,207142.88257194913,0.5884507426430905,320.57616363471647,0.767105431243379,0.5128662723989068,0.5038734837772829,71,past
B2,B0,retrieval,90825.03487586025,224165.20551476107,201900.90523377535,0.5345756282728484,301.37192118022585,0.7311467898259887,0.5948299172153213,0.5501504326060525,71,past
B2,N0,encoding,53860.00199345122,73545.04224899405,76659.19279741017,0.30041195487485395,232.07757753271042,0.5480984901227643,0.2676596498360444,0.29740974268032205,71,past
B2,N0,maintenance,103014.61466154334,210966.8677569142,207142.88257194913,0.5897535988949404,320.9588987106345,0.7679541645794626,0.5117024025770647,0.5026881282017392,71,past
B2,N0,retrieval,91336.4346232188,224165.20551476107,201900.90523377535,0.5376773511538293,302.2191830827732,0.7332648574381765,0.5925485651821893,0.5476175081163558,71,past
B2,N1,encoding,51658.893477876634,73545.04224899405,76659.19279741017,0.28666207594667753,227.28592890426947,0.5354083263703298,0.29758836356391893,0.32612265283829256,71,past
B2,N1,maintenance,102959.67103700044,210966.8677569142,207142.88257194913,0.5883059344559336,320.87329436554927,0.7670110393312038,0.5119628397970275,0.5029533732531777,71,past
B2,N1,retrieval,90463.30481301578,224165.20551476107,201900.90523377535,0.5308462512193474,300.77118348175543,0.7285919648330932,0.596443593441361,0.5519420544040113,71,past
B2,N2,encoding,51908.32044218207,73545.04224899405,76659.19279741017,0.28796847112885066,227.8339756098332,0.5366269385046288,0.2941968777930497,0.32286894046273173,71,past
B2,N2,maintenance,102907.62775184997,210966.8677569142,207142.88257194913,0.5884230333513825,320.7921877974119,0.767087370089863,0.5122095291739133,0.5032046166678887,71,past
B2,N2,retrieval,89916.69922127097,224165.20551476107,201900.90523377535,0.5273042592438003,299.86113322881806,0.7261571863197391,0.5988819985921051,0.5546493507933559,71,past
B2,N3,encoding,52670.58713922122,73545.04224899405,76659.19279741017,0.2925369389209878,229.50073450693185,0.5408668402860244,0.2838322539689391,0.3129253620186746,71,past
B2,N3,maintenance,103488.49983406515,210966.8677569142,207142.88257194913,0.5930127749912297,321.6962850796775,0.7700732270318387,0.509456148567796,0.5004004069600634,71,past
B2,N3,retrieval,88879.39232669641,224165.20551476107,201900.90523377535,0.521100584708788,298.1264703556134,0.7218729699253102,0.6035094201055935,0.5597870538332383,71,past
A1,N0,encoding,14268.788189754636,14101.802634763324,14074.293121942592,0.2904941887971035,119.45203300804317,0.538975128180423,-0.011841433277449465,-0.013819171316591161,65,stimulus
A1,N0,maintenance,66464.6111438135,66262.2424471788,70149.22938719629,1.3310124392213063,257.80731398432727,1.1536951240346414,-0.0030540574716593216,0.0525254272295016,65,stimulus
A1,N0,retrieval,80963.60988431436,79958.28338089834,82426.64834710919,1.7452510394087115,284.5410513165268,1.3210794977626106,-0.012573137652629685,0.01774958089565637,65,stimulus
A1,N1,encoding,14464.445233937824,14101.802634763324,14074.293121942592,0.2931365363739223,120.26822204530099,0.5414208495929228,-0.025716045569984525,-0.027720902827223615,65,stimulus
A1,N1,maintenance,67101.09971878178,66262.2424471788,70149.22938719629,1.341317280781577,259.0387996397099,1.158152529152174,-0.012659657153494042,0.04345207630991954,65,stimulus
A1,N1,retrieval,82386.32302817241,79958.28338089834,82426.64834710919,1.7687905861113933,287.0301779049938,1.329958866323088,-0.030366330348884363,0.0004892267215205193,65,stimulus
A1,N2,encoding,14410.826031717168,14101.802634763324,14074.293121942592,0.2920873116939054,120.04509999045013,0.5404510261752727,-0.021913751380412183,-0.023911176700583514,65,stimulus
A1,N2,maintenance,66942.23246768344,66262.2424471788,70149.22938719629,1.3390603119756097,258.7319703238922,1.1571777356895567,-0.010262103958324387,0.04571678046256911,65,stimulus
A1,N2,retrieval,81360.14618350125,79958.28338089834,82426.64834710919,1.7533023945162511,285.23700002541966,1.3241232550318913,-0.017532427452510824,0.012938802984160724,65,stimulus
A1,N3,encoding,14208.287848877728,14101.802634763324,14074.293121942592,0.28972925893511753,119.19852284687813,0.5382650452473368,-0.007551177453859692,-0.009520529789608378,65,stimulus
A1,N3,maintenance,68719.8734881167,66262.2424471788,70149.22938719629,1.369315905782745,262.1447567435151,1.1701777240157776,-0.03708946377564892,0.020375931589926677,65,stimulus
A1,N3,retrieval,83343.17914974791,79958.28338089834,82426.64834710919,1.7851239817065379,288.6921875453991,1.3360853197706117,-0.04233327212297566,-0.011119350610728329,65,stimulus
A1,N2_no_projection,encoding,14459.286786790457,14101.802634763324,14074.293121942592,0.2930865854731197,120.24677453799107,0.5413747181695131,-0.025350245020865136,-0.02735438728696349,65,stimulus
A1,N2_no_projection,maintenance,67107.43911482645,66262.2424471788,70149.22938719629,1.3413492549307218,259.0510357339388,1.1581663330155656,-0.012755328471133698,0.043361706164729785,65,stimulus
A1,N2_no_projection,retrieval,82378.82594743384,79958.28338089834,82426.64834710919,1.768666829237551,287.0171178648302,1.3299123389297323,-0.03027256794652189,0.0005801812961503394,65,stimulus
A1,N2_no_retrieval,encoding,14418.303601254756,14101.802634763324,14074.293121942592,0.2921740205795495,120.07624078582222,0.5405312392263277,-0.02244400766971477,-0.024442469425042246,65,stimulus
A1,N2_no_retrieval,maintenance,66951.08272916276,66262.2424471788,70149.22938719629,1.3392203484104,258.7490729049338,1.1572468830851954,-0.010395668129298263,0.045590617116846865,65,stimulus
A1,N2_no_retrieval,retrieval,81390.73579337084,79958.28338089834,82426.64834710919,1.7537959624450545,285.2906163780555,1.3243096172893463,-0.01791499706976829,0.0125676898734981,65,stimulus
A1,N2_fixed_target,encoding,14416.669454349878,14101.802634763324,14074.293121942592,0.2921487003856651,120.06943597081597,0.5405078171365009,-0.022328125541223542,-0.024326360794170387,65,stimulus
A1,N2_fixed_target,maintenance,66877.20707673817,66262.2424471788,70149.22938719629,1.3379757219278376,258.60627810774076,1.1567090048615674,-0.009280769965634539,0.04664373848496384,65,stimulus
A1,N2_fixed_target,retrieval,81290.4339742672,79958.28338089834,82426.64834710919,1.7522487621874638,285.11477333569934,1.323725334874068,-0.016660570200374147,0.013784551423918656,65,stimulus
A1,N2_equal_penalty,encoding,14451.618277082647,14101.802634763324,14074.293121942592,0.29264818217289834,120.21488375855398,0.5409696684407531,-0.024806448606575104,-0.02680952797208591,65,stimulus
A1,N2_equal_penalty,maintenance,66719.0829936779,66262.2424471788,70149.22938719629,1.3358225023752026,258.30037358408504,1.155777877611093,-0.006894432328686806,0.04889784853637269,65,stimulus
A1,N2_equal_penalty,retrieval,81244.72126052619,79958.28338089834,82426.64834710919,1.7515336799681729,285.03459660280924,1.3234552051233819,-0.016088863157549538,0.014339138012815389,65,stimulus
A1,V1_M2,encoding,14554.750153037312,14101.802634763324,14074.293121942592,0.2948449162298661,120.64306922918246,0.5429962396093237,-0.03211983106027838,-0.03413720511090257,65,stimulus
A1,V1_M2,maintenance,67245.36398188911,66262.2424471788,70149.22938719629,1.3447754242915313,259.3171108544307,1.1596445249694112,-0.01483682861312774,0.04139554248385224,65,stimulus
A1,V1_M2,retrieval,83045.15522662009,79958.28338089834,82426.64834710919,1.7792512228985664,288.17556320170536,1.333885760812584,-0.03860602948435976,-0.007503724728758598,65,stimulus
A2,N0,encoding,44498.59775467909,44697.977958956806,44431.121155594,0.5022921264460829,210.9469074309436,0.7087257060711731,0.004460609033831386,-0.0015186787398135948,68,stimulus
A2,N0,maintenance,103705.89457968008,103906.94634634843,106218.9977643507,1.2181153800267037,322.0339959999256,1.1036826446160617,0.0019349213285335676,0.02365963940128668,68,stimulus
A2,N0,retrieval,119786.17855086968,119659.49333398242,117714.05526161636,1.410320039997491,346.1013992327533,1.1875689622070336,-0.001058714301368946,-0.017603023569684018,68,stimulus
A2,N1,encoding,42334.674737371155,44697.977958956806,44431.121155594,0.474018907990203,205.75391791499658,0.6884903107453314,0.05287270989653525,0.04718418900304744,68,stimulus
A2,N1,maintenance,101653.66068381594,103906.94634634843,106218.9977643507,1.1936407755308387,318.8317121677452,1.0925386837686062,0.021685611422182616,0.04298041947884945,68,stimulus
A2,N1,retrieval,118668.93649883875,119659.49333398242,117714.05526161636,1.3957654584799921,344.48357943280655,1.1814251810758023,0.008278129946438284,-0.008111871051423636,68,stimulus
A2,N2,encoding,42357.91307216085,44697.977958956806,44431.121155594,0.47447429612938935,205.81038135176965,0.6888209463491869,0.05235281311706497,0.046661169682685966,68,stimulus
A2,N2,maintenance,102449.67037682194,103906.94634634843,106218.9977643507,1.203061324420232,320.0776005546498,1.0968415220168464,0.014024817596592687,0.03548637688985823,68,stimulus
A2,N2,retrieval,116236.52095117909,119659.49333398242,117714.05526161636,1.3656009768517556,340.9347752154055,1.1685893106013574,0.028605940802786556,0.012551893715270435,68,stimulus
A2,N3,encoding,42957.471455882616,44697.977958956806,44431.121155594,0.4828903343509396,207.2618427397639,0.6949031114845721,0.03893926711119644,0.033167060865981535,68,stimulus
A2,N3,maintenance,103309.84226807479,103906.94634634843,106218.9977643507,1.213166588707513,321.41848463969023,1.1014384180277683,0.005746527053959727,0.027388278533092003,68,stimulus
A2,N3,retrieval,116708.70849572851,119659.49333398242,117714.05526161636,1.373341294952196,341.62656292467733,1.171896452316584,0.02465984733879789,0.008540583906089139,68,stimulus
A2,N2_no_projection,encoding,42341.59489993114,44697.977958956806,44431.121155594,0.474101985190899,205.77073382755657,0.6885506409777709,0.05271788941301503,0.04702843865554329,68,stimulus
A2,N2_no_projection,maintenance,101651.50887618966,103906.94634634843,106218.9977643507,1.1936127425816345,318.8283376304397,1.0925258544225096,0.021706320409424995,0.04300067769697957,68,stimulus
A2,N2_no_projection,retrieval,118503.12876686067,119659.49333398242,117714.05526161636,1.39402071840008,344.24283400945427,1.180686545362519,0.009663792941979277,-0.006703307463926889,68,stimulus
A2,N2_no_retrieval,encoding,42338.0062662632,44697.977958956806,44431.121155594,0.4739970832348162,205.76201366205376,0.6884744608442758,0.052798175677222225,0.047109207125359154,68,stimulus
A2,N2_no_retrieval,maintenance,102374.56403268523,103906.94634634843,106218.9977643507,1.2032341767247998,319.9602538326991,1.096920314665017,0.014747640726110567,0.03619346644744692,68,stimulus
A2,N2_no_retrieval,retrieval,116588.40071128837,119659.49333398242,117714.05526161636,1.3697352327826666,341.4504366834056,1.1703568826570239,0.025665265137988724,0.00956261805632519,68,stimulus
A2,N2_fixed_target,encoding,42394.49773271512,44697.977958956806,44431.121155594,0.4749626554260714,205.89924170019452,0.6891753444705283,0.05153432731021568,0.04583776798579531,68,stimulus
A2,N2_fixed_target,maintenance,102300.14041291943,103906.94634634843,106218.9977643507,1.201232371443451,319.8439313367059,1.0960074686987544,0.015463893319250355,0.03689412848843998,68,stimulus
A2,N2_fixed_target,retrieval,116050.4749179208,119659.49333398242,117714.05526161636,1.3636948863517968,340.6618189905068,1.1677734739031354,0.030160736231670815,0.014132384956055621,68,stimulus
A2,N2_equal_penalty,encoding,42256.86347819011,44697.977958956806,44431.121155594,0.4733060459859911,205.56474278968685,0.6879724165880425,0.054613532697345035,0.04893546732232623,68,stimulus
A2,N2_equal_penalty,maintenance,102438.57220820125,103906.94634634843,106218.9977643507,1.2031040584451813,320.06026340081837,1.096861002335839,0.014131626323159452,0.03559086072847728,68,stimulus
A2,N2_equal_penalty,retrieval,116076.72961705606,119659.49333398242,117714.05526161636,1.3643627588978917,340.70035165384854,1.1680593987027765,0.029941324479174303,0.013909347026753838,68,stimulus
A2,V1_M2,encoding,42297.733028762246,44697.977958956806,44431.121155594,0.4737634023116262,205.66412674251737,0.6883047307055402,0.05369918371695792,0.04801562669014836,68,stimulus
A2,V1_M2,maintenance,103242.22563034542,103906.94634634843,106218.9977643507,1.2130022059765677,321.31328268583206,1.1013637936561052,0.006397269281567808,0.028024856161882772,68,stimulus
A2,V1_M2,retrieval,119026.8680663484,119659.49333398242,117714.05526161636,1.3961812988993088,345.0027073319112,1.1816011589784892,0.005286879043255643,-0.011152557796215046,68,stimulus
B1,N0,encoding,26625.013726616653,26634.761749932135,26642.810688924143,0.3869859277429444,163.17173078268385,0.6220819300887499,0.00036598875585991397,0.0006679836641593218,64,stimulus
B1,N0,maintenance,91490.72715490886,91434.57311776378,94087.89362133945,1.3236350609251106,302.4743413165964,1.1504933989054915,-0.000614144466697164,0.027603620045773214,64,stimulus
B1,N0,retrieval,103076.94122699724,102974.56045988796,103381.47550049225,1.5049370898647068,321.05597833866483,1.2267587741136017,-0.000994233591792515,0.002945733479046364,64,stimulus
B1,N1,encoding,26443.56363624487,26634.761749932135,26642.810688924143,0.38476893451024957,162.6147706582796,0.6202974564757214,0.007178517888854485,0.007478454694800685,64,stimulus
B1,N1,maintenance,91730.74021079892,91434.57311776378,94087.89362133945,1.3265419129454703,302.8708309012258,1.151756012767231,-0.0032391149533086416,0.025052674895954086,64,stimulus
B1,N1,retrieval,103167.70020167412,102974.56045988796,103381.47550049225,1.5060748337951646,321.1972917097436,1.2272224060027443,-0.0018756063723273098,0.0020678298291177954,64,stimulus
B1,N2,encoding,26439.3533952314,26634.761749932135,26642.810688924143,0.38480118232890365,162.60182469834524,0.6203234497654458,0.007336591051025021,0.0076364801022035245,64,stimulus
B1,N2,maintenance,91742.94667304975,91434.57311776378,94087.89362133945,1.3268108986584333,302.89098149837633,1.1518727788512206,-0.0033726143708112666,0.024922940221480894,64,stimulus
B1,N2,retrieval,103249.61904606041,102974.56045988796,103381.47550049225,1.5070993132388788,321.32478747532133,1.2276397326735882,-0.0026711314420186927,0.001275435988831508,64,stimulus
B1,N3,encoding,26935.967926261223,26634.761749932135,26642.810688924143,0.392007947358225,164.12180819824408,0.6261053803939277,-0.011308761803730194,-0.011003239889361582,64,stimulus
B1,N3,maintenance,91949.09870203993,91434.57311776378,94087.89362133945,1.3306477557332312,303.23109784789546,1.153537063008047,-0.005627254185498032,0.022731882253706148,64,stimulus
B1,N3,retrieval,103576.77560827685,102974.56045988796,103381.47550049225,1.512433289859002,321.8334594293714,1.2298102657967211,-0.005848193434372373,-0.0018891209168674372,64,stimulus
B1,N2_no_projection,encoding,26441.59393068134,26634.761749932135,26642.810688924143,0.38474704009500454,162.6087141904804,0.6202798079052747,0.007252470326725824,0.007552384791235656,64,stimulus
B1,N2_no_projection,maintenance,91734.7318001474,91434.57311776378,94087.89362133945,1.3265880601321705,302.877420419792,1.1517760459968642,-0.0032827700961324258,0.025010250847600446,64,stimulus
B1,N2_no_projection,retrieval,103120.11478611866,102974.56045988796,103381.47550049225,1.5054895214635122,321.12320810884825,1.2269839124713544,-0.0014134979123061608,0.0025281194054184164,64,stimulus
B1,N2_no_retrieval,encoding,26442.588177741793,26634.761749932135,26642.810688924143,0.384838212775189,162.61177133818384,0.620353296739196,0.0072151414003480685,0.0075150671421310156,64,stimulus
B1,N2_no_retrieval,maintenance,91784.45277974031,91434.57311776378,94087.89362133945,1.3273359958964455,302.959490327899,1.1521006882631593,-0.003826557614327264,0.024481798379602626,64,stimulus
B1,N2_no_retrieval,retrieval,103244.7291697379,102974.56045988796,103381.47550049225,1.5070464582898158,321.31717845415284,1.2276182054245595,-0.00262364518618341,0.0013227353362130767,64,stimulus
B1,N2_fixed_target,encoding,26439.92234701326,26634.761749932135,26642.810688924143,0.38480342124062195,162.60357421352478,0.6203252543953228,0.0073152298018723805,0.007615125306401183,64,stimulus
B1,N2_fixed_target,maintenance,91740.59838967056,91434.57311776378,94087.89362133945,1.326782060057704,302.887105023754,1.1518602606469692,-0.0033469317072507554,0.024947898622490916,64,stimulus
B1,N2_fixed_target,retrieval,103307.63441606937,102974.56045988796,103381.47550049225,1.5078210158052976,321.41505007710725,1.2279336365640032,-0.003234526612144739,0.0007142583723572793,64,stimulus
B1,N2_equal_penalty,encoding,26623.13942496009,26634.761749932135,26642.810688924143,0.38709946137204393,163.16598734098994,0.622173176352086,0.00043635926167340244,0.0007383329106576131,64,stimulus
B1,N2_equal_penalty,maintenance,91551.69051361874,91434.57311776378,94087.89362133945,1.3245211220795066,302.57509896489955,1.150878413247684,-0.0012808874352605581,0.026955679525867193,64,stimulus
B1,N2_equal_penalty,retrieval,103078.68529096998,102974.56045988796,103381.47550049225,1.505219783944745,321.05869446406524,1.2268739886169016,-0.0010111704348820805,0.0029288633002807485,64,stimulus
B1,V1_M2,encoding,26586.674333774834,26634.761749932135,26642.810688924143,0.3868478788613872,163.0542067343705,0.621970963037172,0.0018054381942208542,0.0021069982369632534,64,stimulus
B1,V1_M2,maintenance,91885.35219941231,91434.57311776378,94087.89362133945,1.3288619489911628,303.12596754387823,1.1527627461846444,-0.004930072578432032,0.023409403028952336,64,stimulus
B1,V1_M2,retrieval,103263.25662074768,102974.56045988796,103381.47550049225,1.5072598361786629,321.3460076315679,1.2277051096165816,-0.0028035677896598443,0.0011435209177683703,64,stimulus
B2,N0,encoding,74154.48706811272,73545.04224899405,76659.19279741017,0.4144275565701123,272.3132150082194,0.6437604807458379,-0.008286688000740172,0.03267325989091374,71,stimulus
B2,N0,maintenance,209601.4526696546,210966.8677569142,207142.88257194913,1.2654052084936651,457.82251219184775,1.1249023106446467,0.006472177843740434,-0.011868957635324584,71,stimulus
B2,N0,retrieval,224865.9206287391,224165.20551476107,201900.90523377535,1.4264563413960014,474.2002958969333,1.1943434771438246,-0.0031258870544559336,-0.11374399420534154,71,stimulus
B2,N1,encoding,76817.7835312078,73545.04224899405,76659.19279741017,0.43431092500452945,277.1602127492469,0.6590227044681612,-0.04449982190687374,-0.0020687764638578354,71,stimulus
B2,N1,maintenance,201789.861640786,210966.8677569142,207142.88257194913,1.210568084063856,449.2102643982949,1.1002581897281456,0.04349975052339672,0.02584216684009799,71,stimulus
B2,N1,retrieval,207068.1997978547,224165.20551476107,201900.90523377535,1.2970232439149125,455.04746982908796,1.1388692830676015,0.0762696676214567,-0.02559322137806319,71,stimulus
B2,N2,encoding,78161.1738020919,73545.04224899405,76659.19279741017,0.4428695952308556,279.5731993630504,0.6654844815853,-0.06276604665572805,-0.01959296660807608,71,stimulus
B2,N2,maintenance,202533.05544849444,210966.8677569142,207142.88257194913,1.2168163567719152,450.03672677737586,1.1030939927186239,0.03997695182230032,0.02225433510539998,71,stimulus
B2,N2,retrieval,202692.3902985843,224165.20551476107,201900.90523377535,1.2639382247349829,450.21371624883255,1.1242500721525361,0.0957901346324811,-0.003920166003676506,71,stimulus
B2,N3,encoding,76625.88951534958,73545.04224899405,76659.19279741017,0.428759482072898,276.8138174212942,0.6547972831899183,-0.041890617941655606,0.00043443298638168315,71,stimulus
B2,N3,maintenance,208540.08435243848,210966.8677569142,207142.88257194913,1.245124918236821,456.66189281835034,1.115851656017421,0.01150314942947328,-0.006745111215704203,71,stimulus
B2,N3,retrieval,200104.4065985009,224165.20551476107,201900.90523377535,1.2402761120415982,447.3303103954626,1.1136768436317594,0.10733511858367228,0.008897922637812528,71,stimulus
B2,N2_no_projection,encoding,76811.56847724078,73545.04224899405,76659.19279741017,0.43424498175071014,277.1490004983615,0.6589726714748573,-0.04441531513691399,-0.0019877026390469066,71,stimulus
B2,N2_no_projection,maintenance,201795.40496699247,210966.8677569142,207142.88257194913,1.2106252152393848,449.2164344355541,1.1002841520440911,0.043473474709258664,0.025815405958248494,71,stimulus
B2,N2_no_projection,retrieval,207183.39923828703,224165.20551476107,201900.90523377535,1.297831132340137,455.1740318145215,1.139223916681939,0.07575576342223989,-0.02616379554314152,71,stimulus
B2,N2_no_retrieval,encoding,77654.34734786316,73545.04224899405,76659.19279741017,0.43973307742624507,278.6652962746943,0.6631237270873702,-0.05587467180937433,-0.012981542253946321,71,stimulus
B2,N2_no_retrieval,maintenance,202173.4684836383,210966.8677569142,207142.88257194913,1.2138842358090662,449.6370408269745,1.1017641470882351,0.04168142309155409,0.02399027196401371,71,stimulus
B2,N2_no_retrieval,retrieval,204882.6817194929,224165.20551476107,201900.90523377535,1.2801352998627316,452.6396819982677,1.13143064297496,0.08601925419687151,-0.014768514694201151,71,stimulus
B2,N2_fixed_target,encoding,78501.54159339501,73545.04224899405,76659.19279741017,0.44502090105087627,280.18126560031635,0.6670988690223334,-0.06739406481840393,-0.024032979330393944,71,stimulus
B2,N2_fixed_target,maintenance,204044.86534508393,210966.8677569142,207142.88257194913,1.2273596584054733,451.7132556667824,1.1078626532226246,0.032810850753143495,0.014955943397133797,71,stimulus
B2,N2_fixed_target,retrieval,202307.0919083973,224165.20551476107,201900.90523377535,1.2619123231790499,449.78560660429906,1.123348709519466,0.097508949063571,-0.0020118120528069827,71,stimulus
B2,N2_equal_penalty,encoding,78168.41837829072,73545.04224899405,76659.19279741017,0.44288974598747877,279.58615555547584,0.6654996213278253,-0.06286455195230922,-0.01968747029295015,71,stimulus
B2,N2_equal_penalty,maintenance,202646.28042359863,210966.8677569142,207142.88257194913,1.2175097731361149,450.1625044621094,1.1034082531575133,0.03944025629134784,0.021707731844412548,71,stimulus
B2,N2_equal_penalty,retrieval,202206.3320339664,224165.20551476107,201900.90523377535,1.2610142130947093,449.67358387386554,1.12294889157731,0.09795843842209795,-0.0015127559722301065,71,stimulus
B2,V1_M2,encoding,77942.78630191983,73545.04224899405,76659.19279741017,0.44018376736581616,279.18235313486383,0.6634634634746785,-0.05979660788060692,-0.016744156280145805,71,stimulus
B2,V1_M2,maintenance,203865.84432237837,210966.8677569142,207142.88257194913,1.2221024255090176,451.515054369595,1.1054874153553345,0.033659424866268384,0.01582018271099661,71,stimulus
B2,V1_M2,retrieval,198245.95123315873,224165.20551476107,201900.90523377535,1.230816149264169,445.2481906006567,1.1094215381288435,0.11562567982877958,0.018102712300297252,71,stimulus
