trial_id,cue,coef_1,coef_2,coef_3,coef_4,coef_5,coef_6,coef_7,coef_8,coef_9
1,-1,-39.18895304434184,-3.7188607927283623,14.651148457984299,5.823751868976579,15.108662453933357,19.77175871841562,-6.203668621217377,-24.883081374905196,-33.942205417339096
2,1,-22.143916573079338,-0.42799474317871866,9.941759747388543,19.171930810071178,0.5930361498985606,-6.010776911535921,10.151578570346388,54.332481381970084,74.48172238917115
4,-1,-12.508951029736252,-63.149416363006345,-84.82931441296124,6.040667697109867,44.398857614615714,60.91980771782367,-6.683120873269079,-10.711945737939981,-11.109312657308793
5,1,-4.905961883290712,-42.40560948490111,-60.1642628753065,3.042717712826842,26.638497788715203,37.38780221625211,-7.653077914916773,-12.007144653725764,-15.478841482866661
6,-1,-22.914417790725594,-145.35984451508557,-202.00578906874873,20.60842077160072,96.6428086803053,132.5268476352287,5.053866490040145,16.1163154191234,20.04421100084283
7,-1,-18.638439863840727,-4.936709401857672,0.024020763295195757,8.523173183073729,4.739980434002073,2.413247776835511,5.604205170025809,6.956539486818486,7.5819791097303675
8,-1,5.712549234186975,15.504315771342517,21.3108970878643,-0.3546725797085561,-9.916435562873465,-15.193203217130307,0.2112020429307481,-13.269316442022877,-19.614286842675977
9,1,4.372477839537931,1.71028887378924,1.6011627109489435,-2.3191992028674338,1.4125288649961787,3.2726402018323544,3.6712755406350994,5.243479716688282,6.3644635181444835
10,1,2.624564299711442,15.579826088081155,19.992147951853624,-2.242903468196729,-9.047918808532181,-12.927224158628151,-1.9263537616269892,-5.793473310049582,-8.043685035201669
11,1,14.768821201707178,-65.49002305601012,-104.56511328997927,-6.071801163012363,43.80551945586534,67.22090778791173,3.203132724092581,-10.697882212025284,-17.742289710878573
12,1,10.38285563960784,7.1076835278972155,4.092131318172205,-4.783745991422276,-3.6505247462222323,-3.639609819787574,1.0979428607703285,-10.303675531156607,-15.247018562901813
13,-1,12.261609659983135,7.575790464473775,5.785831012267382,-2.1112656012367816,-6.178404549717327,-8.033531202976196,-0.6997487864458704,-1.9695117538293736,-2.5450721930834743
15,1,0.6388796993111078,-26.027910593519874,-36.57455805708188,2.5353998983198642,16.5398782208364,22.861551057401073,3.884948498517497,4.135417851165515,3.8470617147701427
16,-1,-8.074172720312962,-21.515398726158296,-29.570860713496273,12.168635072071472,17.265782259243334,20.872104776998377,4.648554336693142,10.446399590465065,13.39306205969762
17,1,-9.371612902848808,19.571366107468265,30.66691666948391,2.2359280810366986,-11.894882916455122,-18.291820215791446,-0.30229902276829895,-1.003463204911104,-1.8129960555561873
18,-1,4.672803117798365,-3.5935503487951896,-7.843284498140557,4.097428290861852,3.6380059150956026,4.477844970599487,-1.3794792071572461,-2.0022119696914658,-1.57537307670122
19,-1,-31.192869862200915,11.526658928691813,25.438602323248695,6.048069557979978,-15.286723545461342,-24.083998758578197,3.1008329043409386,-5.410073851086371,-10.038353223172736
21,-1,-11.663340680588165,4.223947344985013,12.551706751958609,5.956761861129457,3.6061779723667566,2.288029978070102,0.10088477040923041,-6.38041171972976,-11.491318468865487
22,-1,-65.68584096387946,-99.92650100029033,-121.28978026393726,34.838345129193215,91.56114198735315,119.49441389774708,11.114596312933434,-13.683135172646402,-24.914813775963275
23,1,-29.2658668954819,88.52865690112006,150.52864148491503,21.567404539771488,-71.48149556448318,-120.00762776987033,-14.32129794842356,-2.7801812876219127,-0.08956964291718578
24,-1,35.212834227287985,2.987060714915481,-5.038783060151947,-0.070574579001208,-2.611761682539068,-3.640902161815807,1.767788894242125,-1.9279187459434133,-3.454515071655019
25,-1,-34.01544982857838,-63.088170062011734,-79.28314209529215,18.626748168161093,47.13313477856204,60.61560942783061,11.178847569458373,46.88169168823736,62.713563743635646
26,1,39.49211996174103,-10.88073792152557,-24.8230866214797,3.331025023993411,1.4629507185938508,0.2705705364436219,-5.238035525273365,-1.098947882495329,1.2777552461410095
28,-1,100.1902506243395,-22.68511146862796,-74.75415644266009,-12.467196061675171,-4.439336354671963,-0.24429428908115425,-3.4128040602591865,3.146773734208323,7.444317854386434
29,-1,14.579530200053673,32.11414397351756,41.49581694975925,1.6108882095155657,-15.948570940836484,-25.28405722569692,4.692679975792068,-9.780411084233338,-15.752134361688405
30,-1,11.98825455221646,-2.4951981487081865,-8.340179844922083,-0.45115994410023313,4.123072808773557,6.638491223270605,-4.66230436284819,-5.740300917353268,-6.709633127722354
31,-1,-13.75231771466461,-19.262860308979338,-23.7339634376027,14.45926173414824,13.150618701427138,13.60011162007938,8.81069565632302,15.631267146249208,18.81224859962119
32,1,6.840775662454038,-6.244084271869197,-15.619585478152217,-0.035136473782473227,6.540620563719367,9.361846338962366,-5.761326515115066,-3.6607855546776804,-5.107624195088605
33,1,10.389805575255528,-2.2245077585161503,-6.585231482338929,-1.2264495990119122,-0.6700792444055841,-0.22261683606783497,-5.032014480792221,0.8799202444143681,3.4733098391579484
34,-1,-16.32558433636168,-13.903297259968932,-16.37647564549672,3.3117874670287435,4.3728443567178115,5.037894572233371,-3.110000182638066,-2.147871585661706,-1.5718646231546998
35,1,9.02530268351218,-8.908116009867532,-18.36167846932658,3.1592244230068327,6.095654457611799,7.559771179945504,2.6753213961172975,-0.4638299331126048,-2.337562441341537
37,-1,-13.599975289741112,5.372462719360617,12.027484973788525,3.0424960541418,-0.838737739113873,-2.889143645636718,-5.9353269633099925,-2.8952507398848155,-4.3966332656915235
38,-1,-2.979954513869779,-4.109076542379834,-5.832448691330078,0.9553277971065084,3.2981472484266816,5.1340509503457055,-0.7253153487065979,-11.936059248456477,-17.356463941902266
41,-1,6.168739072306327,-139.928346478153,-204.95289885733578,3.725838267028694,102.60836651990964,148.10974685234555,-3.9905851277536177,37.73748488755159,56.62396809224969
42,1,21.55087332553344,19.188665421221387,15.61927304557574,-20.841810732263323,-28.02474085258686,-31.250436517179267,-18.021601322585852,-21.634002452203017,-23.783059221374156
43,-1,-8.64969632926183,4.6013887568664575,20.239728609693493,0.7204605522673455,0.9352404094155694,1.1221550319954252,1.6838915703166442,0.32779972715601835,-1.2594115205423284
44,1,15.836905877673091,6.62690829691223,3.13816839198196,-6.729352195613123,-5.262186982825217,-4.461126855852987,-1.6055429541830308,-4.978215097179886,-7.307754029717026
45,-1,0.6223516755713203,-45.10529040141893,-65.04725455100825,-0.30450430049333194,34.91987570820616,51.27352085828607,-9.471818106539555,-26.448379084229785,-35.17576256226948
47,-1,1.8980981855926469,-3.967870949260363,-6.2884766480279914,1.9639826780918852,5.57804354286907,7.230399696891916,-2.0696249340297364,0.6924009321821106,1.7898582616760577
48,1,2.9836395662185855,-1.8398006436874277,-1.979731757563764,1.560183808274529,5.086249706872884,6.801086345180203,-0.7396483548710523,3.1786445878724376,5.220807674502285
49,-1,-9.06351499153649,15.283887592221575,25.041254429743024,-1.1460603873290967,-10.587119023952447,-15.833011131194343,3.656333414911905,-5.298227639591173,-8.930418478357957
50,-1,-3.293339075843937,-10.902414724972097,-13.794832622496322,2.8590803797732183,9.88123107443479,12.7877637808353,18.176904278977062,19.196969291150303,20.882734663244165
51,1,77.61694259039648,47.15425818804212,36.813858093215586,-50.37192950195964,-34.04572919224276,-28.587067205236856,-10.968250796258262,-19.982190035534796,-23.953931451545287
52,1,103.99938271797046,244.40058375077228,309.59176558695543,-72.9179211142568,-227.56488130806792,-297.374234767003,24.34950664860802,22.668169702679897,25.248693530704834
53,1,86.20480872900647,203.83787167634424,256.8619702868529,-72.32724302318415,-191.3734760461737,-245.0376729404584,23.402499012262933,36.86942109591773,43.9058724530566
54,-1,72.72188312770314,155.04432012100452,192.6976939155235,-61.094854527622026,-130.89485941681946,-163.83152424705634,-58.652610390378186,-109.45832909771015,-135.51942088802613
55,1,5.155384290318146,18.065272743053423,22.99780200534595,-9.223109158429132,-9.303977609709563,-9.198285275813356,-11.761425260748137,10.210795340323095,16.669355551136217
56,-1,11.48665826838645,31.46490686088528,43.07759804329545,-2.4593174715216417,-22.34648028083176,-31.621605317577625,6.4397555933492034,16.441961573284054,19.964540674758183
57,-1,-16.215995770096054,11.286111148556115,32.062920057125126,-4.26765269173115,5.710023855801258,9.535804175204253,-0.6117146509317622,-2.898966061729662,-4.331519476724405
58,1,-5.4252317549800715,-3.4401581032240482,-1.06072475353157,-1.1549646456864777,6.237773117288136,9.19895311566899,-1.4637591818505709,-1.9675909371069595,-2.614202085499604
59,1,-11.43717179415662,8.534112716825316,23.610165742898122,1.8300055830206747,-1.0510131986199562,-2.397291336650196,-2.0635855837529022,-2.372727140700115,-4.206151894807295
60,-1,-5.906256333849714,-42.962425641079925,-50.193409632133466,-4.792613452344577,43.64875197626611,67.18359199701887,0.0032748819953215477,-3.6222660158560953,-4.166689180279134
61,1,2.0514838456264415,9.692187553451124,13.787884023745047,3.09882608726683,-8.222838712519737,-14.004128204653435,-12.88498036518674,-3.307288701646032,-0.1290137080150668
62,-1,-14.924874930486716,-12.11422169415942,-7.217529290079673,9.741506730185906,11.036229726556984,12.08201164389055,-2.1548442771553993,-4.763071817422768,-6.090999000268457
63,1,13.910112832759,-59.184092026775204,-87.22887215765058,-22.974254011985447,43.62762364136454,75.24438730247932,0.5071399302035751,5.713798518135047,8.351558129469929
64,1,11.179963163491133,-70.89812090410022,-106.43869547183343,6.333110552048835,58.64976385900884,83.2766497557122,-25.370001475367513,-0.2766180397296508,11.33374715449342
65,-1,4.253739781685073,-9.221781635594583,-14.283947363956548,1.7420885696066581,11.524314170187541,17.177627798230443,-1.25986855671033,1.7579238174447056,2.884317319074013
66,1,42.6329303009166,-11.655413788116473,-34.472268431570555,-30.96113624118298,5.810749090163874,22.100782553043576,2.579121038370643,17.628562192117915,24.269633863950833
67,-1,-10.398556142890655,-23.849617994569083,-31.195916032051265,12.204443255545597,21.88521078946556,27.885424976781035,-1.461315448854553,-0.08420170688318096,-0.7106139507459911
68,-1,2.1727228565483068,-5.760794748378655,-0.19449456850160995,-0.3798953180337016,-1.799394763365576,-2.7426147985850027,-2.3455649974312434,1.8702677626701174,3.1570417440087053
69,1,-4.547270826474665,1.1513360498274676,10.460466253468049,-0.3420726236217131,0.8381355250002385,1.6203658917927837,-11.153510103975272,-2.995696663570751,-1.2684865734650486
70,1,-2.564139002514498,16.737887646396697,25.50672749201182,8.47079275336371,-13.307984438736144,-22.74097509156373,-2.171263895930614,-2.839828971030752,-2.823832719773373
71,-1,0.9152234385543294,-18.48656631331422,-24.95484254919732,-3.196949349539213,10.861383493752955,16.965842599872314,-3.6697309742479414,0.35231073095079496,1.7736494000553953
72,1,0.1718323240775434,-23.19734731164788,-35.746045482866265,0.5730996832942082,20.150230061358176,29.945097913870903,1.1689717052871265,3.1971568020830876,4.754664714769146
73,-1,-12.539014979564659,4.385291651588723,10.264811412178123,9.83583427420911,-4.4462046560102,-10.502116168802193,3.837807331496054,1.4210130746874294,1.0101073193824321
74,1,2.7015014310711964,-57.96784447792407,-87.08631310129552,-12.852551600647935,48.93411352182857,76.91796723737274,3.716306068360138,17.048504726510554,23.70587467478253
75,-1,-19.85843330220271,-5.061607550312786,1.649461111332121,14.964925807877703,8.839629906224275,5.720776054957049,-4.043508605614765,15.02730306947861,24.852606702369467
76,1,-18.208396528379215,-30.66114138840745,-38.611272090378115,9.439577923287661,27.320078286394452,36.09302047993855,3.3453293177834285,3.0793431754296665,1.6757456110139328
78,-1,-79.85368433339139,37.85086237263796,98.40231667974872,48.08700564219765,-43.95991864947947,-93.5229225879874,16.960394138567032,-35.22594014098418,-59.483460286351395
79,-1,1.5645455897477594,5.811828715908964,7.60822793572925,1.5909593765345798,-3.8948375812559695,-6.917294401626334,0.2669117507654541,0.3768393058401118,1.12465849224297
80,-1,4.0263852627480485,1.300574175323744,6.009674735540619,0.9679541143578253,-2.7259404042079884,-4.398526880219879,-1.7508593503871182,-2.8412518715803454,-3.8645596656801384
81,-1,-9.77800834723202,10.60178608551034,26.783832768956017,2.1730629694204553,3.5032532091033994,4.243589179776246,11.287316308162215,4.205244504902324,1.7509425969888406
82,1,-6.738555680280866,4.055042224383984,4.937948893571903,2.931017582620132,-1.2629064172862086,-3.251098721302625,4.774574814557942,4.0991902592283616,2.78001680860705
83,-1,26.696263400048352,19.198789995227656,19.153018311659384,-16.466567712943313,-18.372662056457084,-20.370019944054125,-8.075041794444012,9.11658756119921,17.959826682184474
84,1,-21.723846166986807,-80.65090050863489,-104.54485911905353,-1.3188502505776691,64.51848133062806,94.9500758179699,-5.473516160242533,22.261977639400047,34.857783193094704
85,-1,24.170631422902918,-45.561411362274264,-76.9376978121434,-11.689447317498656,38.69149605011021,61.94572431281853,6.626128798156385,-28.8067333452473,-44.41919683157762
86,1,16.20492471927902,-7.2741658406178455,-18.01139025766964,-5.913125568036763,8.972232625478107,15.459354805786532,6.712614790264173,9.657512242691306,11.887958456797936
87,1,8.719646436622218,3.851162886869677,2.23287609350135,-3.7187847555852653,-4.568423710251579,-4.6270743789542585,-1.1390703815591299,-6.838335710478885,-9.450954322686826
89,1,4.501969824041952,29.392783745990855,47.040204556048586,-3.059122677125485,-22.103020899308152,-30.018814068500884,-1.01538302339489,-11.381625243115781,-16.87178700986845
90,1,-15.301822424864532,0.812075144400878,7.092907238429094,4.173637789753074,4.931768498349208,5.765852736296663,-4.623596044179114,-3.1855758431969465,-3.724723315525849
91,-1,-31.709569295674942,-104.46931119535135,-138.71329209294225,23.376505087165597,90.71228705588524,121.84025499414858,-5.688923583459007,-10.280722894137408,-12.4160524109334
92,1,-2.025204856854757,0.8443183656943299,1.7127188812185885,6.844043693829438,4.907568859366089,4.257701367252757,5.4105595070702694,1.3229027978309018,-0.8691881349736732
93,1,-12.000229504117698,0.9310177953414955,12.261548062826773,2.936843208375165,0.11618141262550188,-1.3767242848227346,0.9810793296949414,-0.0928625179328817,-0.21892319913776365
94,1,-4.26323500966461,-5.716169741725529,-6.95009108509266,-0.10544864071779592,1.18788019173328,1.6843835615122447,4.4201216208203356,-3.54040780340907,-6.650869905032782
95,-1,0.7533050456592917,-9.849032301866702,-12.009766330132491,-6.0666852791136705,6.24157809208573,11.98074755999393,2.566846887739854,-6.788101519774881,-12.79379779619767
96,1,-3.5340946997615648,-14.4846695926438,-19.659228891523657,1.8804063418769383,11.394127465121667,15.932651642836142,-5.389733629455251,-2.877191370280914,-2.156048471348324
97,1,-54.802402474361536,29.96055028916128,69.36652863291803,53.73317019234292,-27.87149701968201,-68.66196833157187,2.285976583350468,-3.242177066060003,-5.4247385883955666
98,-1,-11.54836271978461,-60.46072897742965,-84.15114788280584,29.396691447028033,79.03558661762345,103.21701495764532,4.9540086857082954,-30.186480523214925,-48.015879338125785
99,-1,0.44533355837388044,0.2245623489614842,-0.9775248535076813,1.2473479125309623,5.598253789618242,7.256224403686795,1.9631468873414681,0.8236839616653376,1.1179144194250943
100,1,7.071693426046104,-7.154370086367313,-14.46176335866113,2.654962383337935,10.636303049244344,14.330987055938795,4.175430620444114,-9.892958063556964,-15.043825166965117
