stage,dataset,quantity,channel_or_cue,RMS_before,RMS_after,retention_ratio,waveform_correlation,P300_positive_mean_difference_before,P300_positive_mean_difference_after
预处理,VisualCogA_Task-1,left_minus_right_ERP,Fz,7.581959457448026,7.581959457448026,0.9999999999999836,1.0,,
预处理,VisualCogA_Task-1,left_minus_right_ERP,F3,68.76659800904923,68.76659800904923,0.9999999999999981,0.9999999999999998,,
预处理,VisualCogA_Task-1,left_minus_right_ERP,F4,50.031822740415905,50.031822740415905,0.9999999999999974,0.9999999999999998,,
预处理,VisualCogA_Task-1,F3_minus_F4,left,13.24222700515048,13.24222700515048,0.9999999999999907,1.0,0.0,0.0
预处理,VisualCogA_Task-1,F3_minus_F4,right,5.764964891228105,5.764964891228105,0.9999999999999785,1.0,5.416872428931608,5.416872428931608
V3,VisualCogA_Task-1,left_minus_right_ERP,Fz,7.581959457448026,7.530726852643745,0.9932428279138218,0.9476334296618693,,
V3,VisualCogA_Task-1,left_minus_right_ERP,F3,68.76659800904923,12.14192622960132,0.17656720822518365,0.5703980879935698,,
V3,VisualCogA_Task-1,left_minus_right_ERP,F4,50.031822740415905,11.328939124913727,0.22643466706565016,0.36850633206071215,,
V3,VisualCogA_Task-1,F3_minus_F4,left,13.24222700515048,6.471153745178728,0.4886756391248809,0.9390287467247701,0.0,0.0
V3,VisualCogA_Task-1,F3_minus_F4,right,5.764964891228105,5.73507169509925,0.9948146785465312,-0.11056578065057755,5.416872428931608,-5.153878319965862
V4,VisualCogA_Task-1,left_minus_right_ERP,Fz,7.581959457448026,7.409138540521969,0.9772062989922203,0.9068425242483813,,
V4,VisualCogA_Task-1,left_minus_right_ERP,F3,68.76659800904923,23.72821552047587,0.3450543753430022,0.7957563214814926,,
V4,VisualCogA_Task-1,left_minus_right_ERP,F4,50.031822740415905,15.275526452751794,0.30531620908570506,0.5502610181539884,,
V4,VisualCogA_Task-1,F3_minus_F4,left,13.24222700515048,12.891710679272336,0.9735304095193407,0.9833190653007321,0.0,-0.21431121205028056
V4,VisualCogA_Task-1,F3_minus_F4,right,5.764964891228105,4.455131993742832,0.7727942975891503,0.13987209553594082,5.416872428931608,-4.313786779979408
预处理,VisualCogA_Task-2,left_minus_right_ERP,Fz,31.472282064008922,31.472282064008922,0.9999999999999961,1.0,,
预处理,VisualCogA_Task-2,left_minus_right_ERP,F3,75.65921921738295,75.65921921738295,0.9999999999999983,1.0,,
预处理,VisualCogA_Task-2,left_minus_right_ERP,F4,39.89855380357737,39.89855380357737,0.9999999999999968,0.9999999999999999,,
预处理,VisualCogA_Task-2,F3_minus_F4,left,16.967982284912615,16.967982284912615,0.9999999999999928,1.0,-16.958189498421476,-16.958189498421476
预处理,VisualCogA_Task-2,F3_minus_F4,right,18.973398468303834,18.973398468303834,0.9999999999999934,0.9999999999999999,18.67696068746328,18.67696068746328
V3,VisualCogA_Task-2,left_minus_right_ERP,Fz,31.472282064008922,16.115777041851405,0.5120625510750942,0.1670322701195792,,
V3,VisualCogA_Task-2,left_minus_right_ERP,F3,75.65921921738295,25.2191273127897,0.3333252387964834,0.26956824150874187,,
V3,VisualCogA_Task-2,left_minus_right_ERP,F4,39.89855380357737,8.544354415688536,0.21415198299549412,0.23376692715393027,,
V3,VisualCogA_Task-2,F3_minus_F4,left,16.967982284912615,9.239735235418925,0.5445394202016896,-0.30551859200295634,-16.958189498421476,-8.864577217662122
V3,VisualCogA_Task-2,F3_minus_F4,right,18.973398468303834,10.33889520418292,0.5449153045225177,0.9745137210277068,18.67696068746328,10.108784623697709
V4,VisualCogA_Task-2,left_minus_right_ERP,Fz,31.472282064008922,21.7372057292141,0.6906777743350315,0.26244665278033147,,
V4,VisualCogA_Task-2,left_minus_right_ERP,F3,75.65921921738295,45.883220090277284,0.606445857687828,0.2847418677400333,,
V4,VisualCogA_Task-2,left_minus_right_ERP,F4,39.89855380357737,18.650966913207707,0.46745972310242906,0.09791667351213423,,
V4,VisualCogA_Task-2,F3_minus_F4,left,16.967982284912615,13.09162246639399,0.7715485699224558,-0.47475537639848275,-16.958189498421476,-12.598223003344565
V4,VisualCogA_Task-2,F3_minus_F4,right,18.973398468303834,14.991515390363029,0.7901333762323671,0.96815024029734,18.67696068746328,14.69833979173682
预处理,VisualCogB_Task-1,left_minus_right_ERP,Fz,20.19503267155435,20.19503267155435,0.9999999999999939,1.0,,
预处理,VisualCogB_Task-1,left_minus_right_ERP,F3,21.315001264643282,21.315001264643282,0.9999999999999942,1.0,,
预处理,VisualCogB_Task-1,left_minus_right_ERP,F4,48.4900140498989,48.4900140498989,0.9999999999999973,1.0,,
预处理,VisualCogB_Task-1,F3_minus_F4,left,32.75135974873273,32.75135974873273,0.9999999999999961,1.0,-32.71069565559577,-32.71069565559577
预处理,VisualCogB_Task-1,F3_minus_F4,right,5.861638945099924,5.861638945099924,0.9999999999999788,1.0,-0.07328523320838871,-0.07328523320838871
V3,VisualCogB_Task-1,left_minus_right_ERP,Fz,20.19503267155435,16.336883056755017,0.8089555150740696,0.7661308951282625,,
V3,VisualCogB_Task-1,left_minus_right_ERP,F3,21.315001264643282,8.380195311748828,0.39315950337988526,0.948923725614359,,
V3,VisualCogB_Task-1,left_minus_right_ERP,F4,48.4900140498989,12.717184413861863,0.26226398698864356,0.8871845203732955,,
V3,VisualCogB_Task-1,F3_minus_F4,left,32.75135974873273,8.715087299640672,0.266098487711731,-0.801249610972877,-32.71069565559577,-5.871547969611299
V3,VisualCogB_Task-1,F3_minus_F4,right,5.861638945099924,3.9958264550476232,0.6816909899214922,0.8833643413971811,-0.07328523320838871,0.6269945882902745
V4,VisualCogB_Task-1,left_minus_right_ERP,Fz,20.19503267155435,15.142206730186825,0.7497985755435413,0.9262891864015953,,
V4,VisualCogB_Task-1,left_minus_right_ERP,F3,21.315001264643282,6.731950323172961,0.31583157043202664,0.9656623073280022,,
V4,VisualCogB_Task-1,left_minus_right_ERP,F4,48.4900140498989,36.30087290892669,0.748625745325027,0.9835950920107455,,
V4,VisualCogB_Task-1,F3_minus_F4,left,32.75135974873273,28.442406996121495,0.868434386063068,0.9429101706316542,-32.71069565559577,-28.39155532528906
V4,VisualCogB_Task-1,F3_minus_F4,right,5.861638945099924,3.416502021349652,0.5828578070653135,0.9783262552950731,-0.07328523320838871,-0.13103200578818597
预处理,VisualCogB_Task-2,left_minus_right_ERP,Fz,19.93035034163431,19.93035034163431,0.9999999999999938,1.0,,
预处理,VisualCogB_Task-2,left_minus_right_ERP,F3,41.73684828464967,41.73684828464967,0.999999999999997,1.0,,
预处理,VisualCogB_Task-2,left_minus_right_ERP,F4,45.44872338175096,45.44872338175096,0.9999999999999972,1.0,,
预处理,VisualCogB_Task-2,F3_minus_F4,left,23.17029353093848,23.17029353093848,0.9999999999999947,1.0,-22.90725455512043,-22.90725455512043
预处理,VisualCogB_Task-2,F3_minus_F4,right,26.88232964505076,26.88232964505076,0.9999999999999954,1.0,-26.237982458166464,-26.237982458166464
V3,VisualCogB_Task-2,left_minus_right_ERP,Fz,19.93035034163431,15.322059497543822,0.7687802389271648,-0.3412187747867184,,
V3,VisualCogB_Task-2,left_minus_right_ERP,F3,41.73684828464967,12.98464340648687,0.31110742521644674,-0.19435896214211856,,
V3,VisualCogB_Task-2,left_minus_right_ERP,F4,45.44872338175096,14.037003468581743,0.3088536360125351,0.16877303647834918,,
V3,VisualCogB_Task-2,F3_minus_F4,left,23.17029353093848,38.825512952944216,1.6756590891307295,0.8716554894242259,-22.90725455512043,-30.862444189636715
V3,VisualCogB_Task-2,F3_minus_F4,right,26.88232964505076,38.122232720374264,1.4181149187489663,0.9448650343641473,-26.237982458166464,-17.391395570597545
V4,VisualCogB_Task-2,left_minus_right_ERP,Fz,19.93035034163431,17.081735356599953,0.8570715047048754,0.1536814369874233,,
V4,VisualCogB_Task-2,left_minus_right_ERP,F3,41.73684828464967,17.995347352270397,0.4311621047554955,0.7093852048855287,,
V4,VisualCogB_Task-2,left_minus_right_ERP,F4,45.44872338175096,17.10897077938978,0.3764455744043958,0.6892002271594876,,
V4,VisualCogB_Task-2,F3_minus_F4,left,23.17029353093848,34.82779324595919,1.50312266003254,0.956387036411451,-22.90725455512043,-34.438237739886304
V4,VisualCogB_Task-2,F3_minus_F4,right,26.88232964505076,36.12689129643746,1.3438898999249693,0.9947149774123083,-26.237982458166464,-29.183073093776645
