dataset,metric,stage,mean,paired_rows,valid_rows,total_rows
VisualCogA_Task-1,MAE,预处理,19.66912176275617,6,6,6
VisualCogA_Task-1,MAE,V3,4.090887447352785,6,6,6
VisualCogA_Task-1,MAE,V4,6.476441864615212,6,6,6
VisualCogA_Task-1,MAE,V6,17.662488728036916,6,6,6
VisualCogA_Task-1,MAE,V7,17.70084205341207,6,6,6
VisualCogA_Task-1,RMSE,预处理,20.030657092506523,6,6,6
VisualCogA_Task-1,RMSE,V3,4.602706648363669,6,6,6
VisualCogA_Task-1,RMSE,V4,6.923284034132478,6,6,6
VisualCogA_Task-1,RMSE,V6,18.00561594746146,6,6,6
VisualCogA_Task-1,RMSE,V7,18.043203627624866,6,6,6
VisualCogA_Task-1,corr,预处理,0.6663958442810747,6,6,6
VisualCogA_Task-1,corr,V3,0.693608917214569,6,6,6
VisualCogA_Task-1,corr,V4,0.6848490646566487,6,6,6
VisualCogA_Task-1,corr,V6,0.6751251804876187,6,6,6
VisualCogA_Task-1,corr,V7,0.6745961432921815,6,6,6
VisualCogA_Task-1,shape_distance,预处理,0.6065807231027401,6,6,6
VisualCogA_Task-1,shape_distance,V3,0.5911548843674234,6,6,6
VisualCogA_Task-1,shape_distance,V4,0.6115437802679874,6,6,6
VisualCogA_Task-1,shape_distance,V6,0.605519554077661,6,6,6
VisualCogA_Task-1,shape_distance,V7,0.6061385778912868,6,6,6
VisualCogA_Task-1,baseline_RMS,预处理,14.122958294174225,6,6,6
VisualCogA_Task-1,baseline_RMS,V3,9.425424052465969,6,6,6
VisualCogA_Task-1,baseline_RMS,V4,10.769166142705847,6,6,6
VisualCogA_Task-1,baseline_RMS,V6,13.5444650736775,6,6,6
VisualCogA_Task-1,baseline_RMS,V7,13.4631372682556,6,6,6
VisualCogA_Task-1,trial_PTP_median,预处理,104.41482438942519,6,6,6
VisualCogA_Task-1,trial_PTP_median,V3,76.60805030545485,6,6,6
VisualCogA_Task-1,trial_PTP_median,V4,82.6026021968195,6,6,6
VisualCogA_Task-1,trial_PTP_median,V6,100.18644553326139,6,6,6
VisualCogA_Task-1,trial_PTP_median,V7,100.15208904612471,6,6,6
VisualCogA_Task-1,SNR_proxy_dB,预处理,-14.216732593324435,6,6,6
VisualCogA_Task-1,SNR_proxy_dB,V3,-11.786294863217044,6,6,6
VisualCogA_Task-1,SNR_proxy_dB,V4,-15.640807191658034,6,6,6
VisualCogA_Task-1,SNR_proxy_dB,V6,-14.165171744127008,6,6,6
VisualCogA_Task-1,SNR_proxy_dB,V7,-13.999388244218864,6,6,6
VisualCogA_Task-1,edge_band_ratio,预处理,0.40819341083074895,6,6,6
VisualCogA_Task-1,edge_band_ratio,V3,0.23199202322393228,6,6,6
VisualCogA_Task-1,edge_band_ratio,V4,0.24751665501548067,6,6,6
VisualCogA_Task-1,edge_band_ratio,V6,0.38772806862222803,6,6,6
VisualCogA_Task-1,edge_band_ratio,V7,0.38377443500013936,6,6,6
VisualCogA_Task-1,amp_error,预处理,11.586944411757226,4,4,6
VisualCogA_Task-1,amp_error,V3,3.5969638269418303,4,4,6
VisualCogA_Task-1,amp_error,V4,5.628016191309866,4,5,6
VisualCogA_Task-1,amp_error,V6,10.688130292435128,4,4,6
VisualCogA_Task-1,amp_error,V7,10.590847240318919,4,4,6
VisualCogA_Task-1,P300_positive_mean,预处理,8.55947830823529,6,6,6
VisualCogA_Task-1,P300_positive_mean,V3,3.0449442040593104,6,6,6
VisualCogA_Task-1,P300_positive_mean,V4,4.953782525471638,6,6,6
VisualCogA_Task-1,P300_positive_mean,V6,8.012956543808572,6,6,6
VisualCogA_Task-1,P300_positive_mean,V7,7.93910094723109,6,6,6
VisualCogA_Task-1,P300_positive_mean_error,预处理,7.475916702733247,6,6,6
VisualCogA_Task-1,P300_positive_mean_error,V3,1.7063930125793345,6,6,6
VisualCogA_Task-1,P300_positive_mean_error,V4,3.589367160045729,6,6,6
VisualCogA_Task-1,P300_positive_mean_error,V6,6.887937560416506,6,6,6
VisualCogA_Task-1,P300_positive_mean_error,V7,6.808063295808296,6,6,6
VisualCogA_Task-1,P300_amp,预处理,16.893883149686864,4,4,6
VisualCogA_Task-1,P300_amp,V3,8.555461004494713,4,4,6
VisualCogA_Task-1,P300_amp,V4,11.679372862714198,4,5,6
VisualCogA_Task-1,P300_amp,V6,16.10673172038597,4,4,6
VisualCogA_Task-1,P300_amp,V7,16.01983018374721,4,4,6
VisualCogA_Task-1,latency_error_ms,预处理,10.7421875,4,4,6
VisualCogA_Task-1,latency_error_ms,V3,10.7421875,4,4,6
VisualCogA_Task-1,latency_error_ms,V4,9.765625,4,5,6
VisualCogA_Task-1,latency_error_ms,V6,10.7421875,4,4,6
VisualCogA_Task-1,latency_error_ms,V7,10.7421875,4,4,6
VisualCogA_Task-1,P300_AUC_unit_ms,预处理,2146.969626466806,6,6,6
VisualCogA_Task-1,P300_AUC_unit_ms,V3,768.6041340383758,6,6,6
VisualCogA_Task-1,P300_AUC_unit_ms,V4,1246.0566166715996,6,6,6
VisualCogA_Task-1,P300_AUC_unit_ms,V6,2010.3936874749033,6,6,6
VisualCogA_Task-1,P300_AUC_unit_ms,V7,1991.8612411197028,6,6,6
VisualCogA_Task-1,P300_AUC_error_unit_ms,预处理,1874.744414703642,6,6,6
VisualCogA_Task-1,P300_AUC_error_unit_ms,V3,432.90403792247133,6,6,6
VisualCogA_Task-1,P300_AUC_error_unit_ms,V4,903.7894451397357,6,6,6
VisualCogA_Task-1,P300_AUC_error_unit_ms,V6,1727.7012370137666,6,6,6
VisualCogA_Task-1,P300_AUC_error_unit_ms,V7,1707.7030848554568,6,6,6
VisualCogA_Task-1,P300_lat_ms,预处理,349.609375,4,4,6
VisualCogA_Task-1,P300_lat_ms,V3,349.609375,4,4,6
VisualCogA_Task-1,P300_lat_ms,V4,348.6328125,4,5,6
VisualCogA_Task-1,P300_lat_ms,V6,349.609375,4,4,6
VisualCogA_Task-1,P300_lat_ms,V7,349.609375,4,4,6
VisualCogA_Task-2,MAE,预处理,47.60337115807547,6,6,6
VisualCogA_Task-2,MAE,V3,13.170415733813115,6,6,6
VisualCogA_Task-2,MAE,V4,22.695857277805327,6,6,6
VisualCogA_Task-2,MAE,V6,43.86724407603495,6,6,6
VisualCogA_Task-2,MAE,V7,43.6842477180852,6,6,6
VisualCogA_Task-2,RMSE,预处理,48.206362601719796,6,6,6
VisualCogA_Task-2,RMSE,V3,14.390887534900537,6,6,6
VisualCogA_Task-2,RMSE,V4,23.447983105043594,6,6,6
VisualCogA_Task-2,RMSE,V6,44.45698789779514,6,6,6
VisualCogA_Task-2,RMSE,V7,44.278968649533546,6,6,6
VisualCogA_Task-2,corr,预处理,0.6011053901864755,6,6,6
VisualCogA_Task-2,corr,V3,0.4030427897632993,6,6,6
VisualCogA_Task-2,corr,V4,0.5960169800782817,6,6,6
VisualCogA_Task-2,corr,V6,0.6050616232257058,6,6,6
VisualCogA_Task-2,corr,V7,0.6066759501307014,6,6,6
VisualCogA_Task-2,shape_distance,预处理,0.6845417674104591,6,6,6
VisualCogA_Task-2,shape_distance,V3,0.8394785216209956,6,6,6
VisualCogA_Task-2,shape_distance,V4,0.6859208769624788,6,6,6
VisualCogA_Task-2,shape_distance,V6,0.6821477465342533,6,6,6
VisualCogA_Task-2,shape_distance,V7,0.681068904664806,6,6,6
VisualCogA_Task-2,baseline_RMS,预处理,21.26112946521175,6,6,6
VisualCogA_Task-2,baseline_RMS,V3,16.360393241852957,6,6,6
VisualCogA_Task-2,baseline_RMS,V4,17.8780644616745,6,6,6
VisualCogA_Task-2,baseline_RMS,V6,20.612634468488768,6,6,6
VisualCogA_Task-2,baseline_RMS,V7,20.57756670411147,6,6,6
VisualCogA_Task-2,trial_PTP_median,预处理,254.67971047684526,6,6,6
VisualCogA_Task-2,trial_PTP_median,V3,207.56094798457272,6,6,6
VisualCogA_Task-2,trial_PTP_median,V4,222.7192413409346,6,6,6
VisualCogA_Task-2,trial_PTP_median,V6,249.36532539505762,6,6,6
VisualCogA_Task-2,trial_PTP_median,V7,249.60469877406717,6,6,6
VisualCogA_Task-2,SNR_proxy_dB,预处理,-9.35228101104063,6,6,6
VisualCogA_Task-2,SNR_proxy_dB,V3,-11.068699717825263,6,6,6
VisualCogA_Task-2,SNR_proxy_dB,V4,-11.592208636113952,6,6,6
VisualCogA_Task-2,SNR_proxy_dB,V6,-9.403382696711484,6,6,6
VisualCogA_Task-2,SNR_proxy_dB,V7,-9.325554333556271,6,6,6
VisualCogA_Task-2,edge_band_ratio,预处理,0.4943499794841313,6,6,6
VisualCogA_Task-2,edge_band_ratio,V3,0.27210136369296845,6,6,6
VisualCogA_Task-2,edge_band_ratio,V4,0.3420118369044915,6,6,6
VisualCogA_Task-2,edge_band_ratio,V6,0.48794999614423923,6,6,6
VisualCogA_Task-2,edge_band_ratio,V7,0.48335672684540426,6,6,6
VisualCogA_Task-2,amp_error,预处理,56.52857781124368,6,6,6
VisualCogA_Task-2,amp_error,V3,13.986954225133836,6,6,6
VisualCogA_Task-2,amp_error,V4,27.34332773696897,6,6,6
VisualCogA_Task-2,amp_error,V6,51.812886825862115,6,6,6
VisualCogA_Task-2,amp_error,V7,51.581558808806186,6,6,6
VisualCogA_Task-2,P300_positive_mean,预处理,52.97502420621993,6,6,6
VisualCogA_Task-2,P300_positive_mean,V3,18.494336736810173,6,6,6
VisualCogA_Task-2,P300_positive_mean,V4,28.163004346833983,6,6,6
VisualCogA_Task-2,P300_positive_mean,V6,49.2388971241794,6,6,6
VisualCogA_Task-2,P300_positive_mean,V7,49.055900766229655,6,6,6
VisualCogA_Task-2,P300_positive_mean_error,预处理,46.686490172959815,6,6,6
VisualCogA_Task-2,P300_positive_mean_error,V3,12.205802703550058,6,6,6
VisualCogA_Task-2,P300_positive_mean_error,V4,21.874470313573863,6,6,6
VisualCogA_Task-2,P300_positive_mean_error,V6,42.950363090919296,6,6,6
VisualCogA_Task-2,P300_positive_mean_error,V7,42.76736673296955,6,6,6
VisualCogA_Task-2,P300_amp,预处理,70.71914474849909,6,6,6
VisualCogA_Task-2,P300_amp,V3,28.17752116238924,6,6,6
VisualCogA_Task-2,P300_amp,V4,41.53389467422438,6,6,6
VisualCogA_Task-2,P300_amp,V6,66.00345376311752,6,6,6
VisualCogA_Task-2,P300_amp,V7,65.77212574606159,6,6,6
VisualCogA_Task-2,latency_error_ms,预处理,13.671875,6,6,6
VisualCogA_Task-2,latency_error_ms,V3,65.10416666666667,6,6,6
VisualCogA_Task-2,latency_error_ms,V4,42.96875,6,6,6
VisualCogA_Task-2,latency_error_ms,V6,13.671875,6,6,6
VisualCogA_Task-2,latency_error_ms,V7,13.671875,6,6,6
VisualCogA_Task-2,P300_AUC_unit_ms,预处理,13243.634786804623,6,6,6
VisualCogA_Task-2,P300_AUC_unit_ms,V3,4625.633386556899,6,6,6
VisualCogA_Task-2,P300_AUC_unit_ms,V4,7041.92472126072,6,6,6
VisualCogA_Task-2,P300_AUC_unit_ms,V6,12310.15382884184,6,6,6
VisualCogA_Task-2,P300_AUC_unit_ms,V7,12264.297759647807,6,6,6
VisualCogA_Task-2,P300_AUC_error_unit_ms,预处理,11675.02067442785,6,6,6
VisualCogA_Task-2,P300_AUC_error_unit_ms,V3,3057.019274180127,6,6,6
VisualCogA_Task-2,P300_AUC_error_unit_ms,V4,5473.310608883949,6,6,6
VisualCogA_Task-2,P300_AUC_error_unit_ms,V6,10741.53971646507,6,6,6
VisualCogA_Task-2,P300_AUC_error_unit_ms,V7,10695.683647271035,6,6,6
VisualCogA_Task-2,P300_lat_ms,预处理,500.0,6,6,6
VisualCogA_Task-2,P300_lat_ms,V3,422.5260416666667,6,6,6
VisualCogA_Task-2,P300_lat_ms,V4,444.6614583333333,6,6,6
VisualCogA_Task-2,P300_lat_ms,V6,500.0,6,6,6
VisualCogA_Task-2,P300_lat_ms,V7,500.0,6,6,6
VisualCogB_Task-1,MAE,预处理,14.973006443053258,6,6,6
VisualCogB_Task-1,MAE,V3,6.2971116018602835,6,6,6
VisualCogB_Task-1,MAE,V4,9.740177087620298,6,6,6
VisualCogB_Task-1,MAE,V6,14.16908379248209,6,6,6
VisualCogB_Task-1,MAE,V7,14.157900248769407,6,6,6
VisualCogB_Task-1,RMSE,预处理,15.423730975740668,6,6,6
VisualCogB_Task-1,RMSE,V3,6.825949960864528,6,6,6
VisualCogB_Task-1,RMSE,V4,10.23300799645539,6,6,6
VisualCogB_Task-1,RMSE,V6,14.621895763399822,6,6,6
VisualCogB_Task-1,RMSE,V7,14.616946680988328,6,6,6
VisualCogB_Task-1,corr,预处理,0.5952652949321037,6,6,6
VisualCogB_Task-1,corr,V3,0.6931736382752417,6,6,6
VisualCogB_Task-1,corr,V4,0.6578212957500135,6,6,6
VisualCogB_Task-1,corr,V6,0.6043281486721577,6,6,6
VisualCogB_Task-1,corr,V7,0.6015860404575832,6,6,6
VisualCogB_Task-1,shape_distance,预处理,0.6781329022965606,6,6,6
VisualCogB_Task-1,shape_distance,V3,0.6389706711006358,6,6,6
VisualCogB_Task-1,shape_distance,V4,0.6242313264961397,6,6,6
VisualCogB_Task-1,shape_distance,V6,0.6689715478597557,6,6,6
VisualCogB_Task-1,shape_distance,V7,0.6714167946244657,6,6,6
VisualCogB_Task-1,baseline_RMS,预处理,20.42492568858043,6,6,6
VisualCogB_Task-1,baseline_RMS,V3,14.227725154195795,6,6,6
VisualCogB_Task-1,baseline_RMS,V4,16.88232294609806,6,6,6
VisualCogB_Task-1,baseline_RMS,V6,19.81687600559138,6,6,6
VisualCogB_Task-1,baseline_RMS,V7,19.660145320795642,6,6,6
VisualCogB_Task-1,trial_PTP_median,预处理,158.6363872548753,6,6,6
VisualCogB_Task-1,trial_PTP_median,V3,128.24251452502352,6,6,6
VisualCogB_Task-1,trial_PTP_median,V4,145.1667968119279,6,6,6
VisualCogB_Task-1,trial_PTP_median,V6,158.08637782950666,6,6,6
VisualCogB_Task-1,trial_PTP_median,V7,158.42932086319544,6,6,6
VisualCogB_Task-1,SNR_proxy_dB,预处理,-22.665994179619492,6,6,6
VisualCogB_Task-1,SNR_proxy_dB,V3,-18.06629338390997,6,6,6
VisualCogB_Task-1,SNR_proxy_dB,V4,-23.058579933360367,6,6,6
VisualCogB_Task-1,SNR_proxy_dB,V6,-22.764028399469822,6,6,6
VisualCogB_Task-1,SNR_proxy_dB,V7,-22.563442445300865,6,6,6
VisualCogB_Task-1,edge_band_ratio,预处理,0.45220880979322103,6,6,6
VisualCogB_Task-1,edge_band_ratio,V3,0.33564736353603974,6,6,6
VisualCogB_Task-1,edge_band_ratio,V4,0.3643597205791167,6,6,6
VisualCogB_Task-1,edge_band_ratio,V6,0.44208285008665577,6,6,6
VisualCogB_Task-1,edge_band_ratio,V7,0.4389255800310368,6,6,6
VisualCogB_Task-1,amp_error,预处理,15.249128306322229,5,5,6
VisualCogB_Task-1,amp_error,V3,4.135611803045271,5,6,6
VisualCogB_Task-1,amp_error,V4,9.338517346283504,5,6,6
VisualCogB_Task-1,amp_error,V6,14.300862722927354,5,5,6
VisualCogB_Task-1,amp_error,V7,14.29925148085997,5,5,6
VisualCogB_Task-1,P300_positive_mean,预处理,11.76560343058758,6,6,6
VisualCogB_Task-1,P300_positive_mean,V3,5.522209783128165,6,6,6
VisualCogB_Task-1,P300_positive_mean,V4,9.995244762213757,6,6,6
VisualCogB_Task-1,P300_positive_mean,V6,11.442829262681173,6,6,6
VisualCogB_Task-1,P300_positive_mean,V7,11.420907359489108,6,6,6
VisualCogB_Task-1,P300_positive_mean_error,预处理,11.66670328841883,6,6,6
VisualCogB_Task-1,P300_positive_mean_error,V3,4.252962815107835,6,6,6
VisualCogB_Task-1,P300_positive_mean_error,V4,8.611575321715264,6,6,6
VisualCogB_Task-1,P300_positive_mean_error,V6,11.264381243096784,6,6,6
VisualCogB_Task-1,P300_positive_mean_error,V7,11.217993863546958,6,6,6
VisualCogB_Task-1,P300_amp,预处理,19.949298316709992,5,5,6
VisualCogB_Task-1,P300_amp,V3,11.807257220338224,5,6,6
VisualCogB_Task-1,P300_amp,V4,17.10613547055417,5,6,6
VisualCogB_Task-1,P300_amp,V6,19.516249203445973,5,5,6
VisualCogB_Task-1,P300_amp,V7,19.61645792627395,5,5,6
VisualCogB_Task-1,latency_error_ms,预处理,68.75,5,5,6
VisualCogB_Task-1,latency_error_ms,V3,39.84375,5,6,6
VisualCogB_Task-1,latency_error_ms,V4,68.75,5,6,6
VisualCogB_Task-1,latency_error_ms,V6,68.75,5,5,6
VisualCogB_Task-1,latency_error_ms,V7,68.75,5,5,6
VisualCogB_Task-1,P300_AUC_unit_ms,预处理,2943.5973378407434,6,6,6
VisualCogB_Task-1,P300_AUC_unit_ms,V3,1381.9665139091742,6,6,6
VisualCogB_Task-1,P300_AUC_unit_ms,V4,2503.646547562594,6,6,6
VisualCogB_Task-1,P300_AUC_unit_ms,V6,2863.10022264518,6,6,6
VisualCogB_Task-1,P300_AUC_unit_ms,V7,2857.501807642048,6,6,6
VisualCogB_Task-1,P300_AUC_error_unit_ms,预处理,2920.378707285323,6,6,6
VisualCogB_Task-1,P300_AUC_error_unit_ms,V3,1065.7671701627348,6,6,6
VisualCogB_Task-1,P300_AUC_error_unit_ms,V4,2154.2169623531368,6,6,6
VisualCogB_Task-1,P300_AUC_error_unit_ms,V6,2819.683888839694,6,6,6
VisualCogB_Task-1,P300_AUC_error_unit_ms,V7,2807.8735364801,6,6,6
VisualCogB_Task-1,P300_lat_ms,预处理,401.5625,5,5,6
VisualCogB_Task-1,P300_lat_ms,V3,371.09375,5,6,6
VisualCogB_Task-1,P300_lat_ms,V4,401.5625,5,6,6
VisualCogB_Task-1,P300_lat_ms,V6,401.5625,5,5,6
VisualCogB_Task-1,P300_lat_ms,V7,401.5625,5,5,6
VisualCogB_Task-2,MAE,预处理,39.315888537645094,6,6,6
VisualCogB_Task-2,MAE,V3,3.7632167446050047,6,6,6
VisualCogB_Task-2,MAE,V4,15.910907678482156,6,6,6
VisualCogB_Task-2,MAE,V6,35.798684245517684,6,6,6
VisualCogB_Task-2,MAE,V7,35.45510393550361,6,6,6
VisualCogB_Task-2,RMSE,预处理,40.878680998329685,6,6,6
VisualCogB_Task-2,RMSE,V3,4.654188618372438,6,6,6
VisualCogB_Task-2,RMSE,V4,17.13923890576338,6,6,6
VisualCogB_Task-2,RMSE,V6,37.20466627580562,6,6,6
VisualCogB_Task-2,RMSE,V7,36.883051864083065,6,6,6
VisualCogB_Task-2,corr,预处理,-0.1389440485546096,6,6,6
VisualCogB_Task-2,corr,V3,0.6152258107921437,6,6,6
VisualCogB_Task-2,corr,V4,0.2158742861117078,6,6,6
VisualCogB_Task-2,corr,V6,-0.09359677962377899,6,6,6
VisualCogB_Task-2,corr,V7,-0.08606800349644388,6,6,6
VisualCogB_Task-2,shape_distance,预处理,1.195681800188991,6,6,6
VisualCogB_Task-2,shape_distance,V3,0.6495133276491861,6,6,6
VisualCogB_Task-2,shape_distance,V4,0.933047091854017,6,6,6
VisualCogB_Task-2,shape_distance,V6,1.1669322599485081,6,6,6
VisualCogB_Task-2,shape_distance,V7,1.1617768156201402,6,6,6
VisualCogB_Task-2,baseline_RMS,预处理,26.97593290832712,6,6,6
VisualCogB_Task-2,baseline_RMS,V3,16.981268673830055,6,6,6
VisualCogB_Task-2,baseline_RMS,V4,20.426203376363873,6,6,6
VisualCogB_Task-2,baseline_RMS,V6,25.767032444567516,6,6,6
VisualCogB_Task-2,baseline_RMS,V7,25.556879431807484,6,6,6
VisualCogB_Task-2,trial_PTP_median,预处理,272.28753482575996,6,6,6
VisualCogB_Task-2,trial_PTP_median,V3,192.95161753130841,6,6,6
VisualCogB_Task-2,trial_PTP_median,V4,216.60336028069173,6,6,6
VisualCogB_Task-2,trial_PTP_median,V6,267.8048525408105,6,6,6
VisualCogB_Task-2,trial_PTP_median,V7,267.32421087346347,6,6,6
VisualCogB_Task-2,SNR_proxy_dB,预处理,-13.081010212055224,6,6,6
VisualCogB_Task-2,SNR_proxy_dB,V3,-8.525075443987758,6,6,6
VisualCogB_Task-2,SNR_proxy_dB,V4,-12.031705849067512,6,6,6
VisualCogB_Task-2,SNR_proxy_dB,V6,-12.675333613800362,6,6,6
VisualCogB_Task-2,SNR_proxy_dB,V7,-12.600382057385227,6,6,6
VisualCogB_Task-2,edge_band_ratio,预处理,0.5215636096622092,6,6,6
VisualCogB_Task-2,edge_band_ratio,V3,0.3316357574187569,6,6,6
VisualCogB_Task-2,edge_band_ratio,V4,0.4148171017229249,6,6,6
VisualCogB_Task-2,edge_band_ratio,V6,0.5037283492156275,6,6,6
VisualCogB_Task-2,edge_band_ratio,V7,0.4979554765915732,6,6,6
VisualCogB_Task-2,amp_error,预处理,42.101068826299986,5,5,6
VisualCogB_Task-2,amp_error,V3,1.2035622770507008,5,5,6
VisualCogB_Task-2,amp_error,V4,20.12152959215104,5,5,6
VisualCogB_Task-2,amp_error,V6,38.62410746984527,5,5,6
VisualCogB_Task-2,amp_error,V7,37.80537070631556,5,5,6
VisualCogB_Task-2,P300_positive_mean,预处理,50.17244586746674,6,6,6
VisualCogB_Task-2,P300_positive_mean,V3,17.840920833207985,6,6,6
VisualCogB_Task-2,P300_positive_mean,V4,27.8174417730597,6,6,6
VisualCogB_Task-2,P300_positive_mean,V6,46.657211397005746,6,6,6
VisualCogB_Task-2,P300_positive_mean,V7,46.31363108699168,6,6,6
VisualCogB_Task-2,P300_positive_mean_error,预处理,32.87224401715354,6,6,6
VisualCogB_Task-2,P300_positive_mean_error,V3,0.6859582710994462,6,6,6
VisualCogB_Task-2,P300_positive_mean_error,V4,10.517239922746493,6,6,6
VisualCogB_Task-2,P300_positive_mean_error,V6,29.35700954669254,6,6,6
VisualCogB_Task-2,P300_positive_mean_error,V7,29.013429236678473,6,6,6
VisualCogB_Task-2,P300_amp,预处理,68.65379639049357,5,6,6
VisualCogB_Task-2,P300_amp,V3,27.04156521508753,5,5,6
VisualCogB_Task-2,P300_amp,V4,46.674257156344616,5,6,6
VisualCogB_Task-2,P300_amp,V6,65.17683503403885,5,6,6
VisualCogB_Task-2,P300_amp,V7,64.35809827050913,5,6,6
VisualCogB_Task-2,latency_error_ms,预处理,136.71875,5,5,6
VisualCogB_Task-2,latency_error_ms,V3,39.84375,5,5,6
VisualCogB_Task-2,latency_error_ms,V4,91.40625,5,5,6
VisualCogB_Task-2,latency_error_ms,V6,136.71875,5,5,6
VisualCogB_Task-2,latency_error_ms,V7,136.71875,5,5,6
VisualCogB_Task-2,P300_AUC_unit_ms,预处理,12531.397479103898,6,6,6
VisualCogB_Task-2,P300_AUC_unit_ms,V3,4463.657443568539,6,6,6
VisualCogB_Task-2,P300_AUC_unit_ms,V4,6946.767343834911,6,6,6
VisualCogB_Task-2,P300_AUC_unit_ms,V6,11652.818641560063,6,6,6
VisualCogB_Task-2,P300_AUC_unit_ms,V7,11567.312540346296,6,6,6
VisualCogB_Task-2,P300_AUC_error_unit_ms,预处理,8198.023921829283,6,6,6
VisualCogB_Task-2,P300_AUC_error_unit_ms,V3,169.44701344681147,6,6,6
VisualCogB_Task-2,P300_AUC_error_unit_ms,V4,2613.393786560298,6,6,6
VisualCogB_Task-2,P300_AUC_error_unit_ms,V6,7319.445084285449,6,6,6
VisualCogB_Task-2,P300_AUC_error_unit_ms,V7,7233.93898307168,6,6,6
VisualCogB_Task-2,P300_lat_ms,预处理,500.0,5,6,6
VisualCogB_Task-2,P300_lat_ms,V3,384.375,5,5,6
VisualCogB_Task-2,P300_lat_ms,V4,454.6875,5,6,6
VisualCogB_Task-2,P300_lat_ms,V6,500.0,5,6,6
VisualCogB_Task-2,P300_lat_ms,V7,500.0,5,6,6
