dataset,trial_id,block,cue,previous_cue,second_previous_cue,previous_action,previous_interval_s,cue_duration_s,action_delay_s,first_action,guard,retained
A1,1,0,-1,0,0,0,,0.203125,2.328125,-1,False,False
A1,2,0,1,-1,0,-1,9.28125,0.203125,2.21484375,1,True,True
A1,3,0,-1,1,-1,1,8.40625,0.20703125,2.21875,-1,True,False
A1,4,0,-1,-1,1,-1,8.44140625,0.203125,2.21484375,-1,True,True
A1,5,0,1,-1,-1,-1,8.609375,0.203125,2.21875,1,True,True
A1,6,0,-1,1,-1,1,8.44140625,0.203125,2.21484375,-1,True,True
A1,7,0,-1,-1,1,-1,8.40625,0.203125,2.21875,-1,True,True
A1,8,0,-1,-1,-1,-1,8.67578125,0.203125,2.21484375,-1,True,True
A1,9,0,1,-1,-1,-1,8.265625,0.203125,2.21484375,1,True,True
A1,10,0,1,1,-1,1,8.39453125,0.203125,2.21484375,1,True,True
A1,11,0,1,1,1,1,8.78125,0.203125,2.21484375,1,True,True
A1,12,0,1,1,1,1,8.40625,0.20703125,2.21875,1,True,True
A1,13,0,-1,1,1,1,8.30078125,0.203125,2.21484375,-1,True,True
A1,14,0,-1,-1,1,-1,8.36328125,0.203125,2.21484375,-1,True,False
A1,15,0,1,-1,-1,-1,8.421875,0.203125,2.21484375,1,True,True
A1,16,0,-1,1,-1,1,8.25390625,0.203125,2.21484375,-1,True,True
A1,17,0,1,-1,1,-1,8.234375,0.203125,2.21875,1,True,True
A1,18,0,-1,1,-1,1,8.64453125,0.203125,2.21484375,-1,False,False
A1,19,0,-1,-1,1,-1,8.484375,0.203125,2.21484375,-1,False,False
A1,20,0,1,-1,-1,-1,8.44140625,0.203125,2.21484375,1,False,False
A1,21,1,-1,1,-1,1,8.34375,0.203125,2.21875,-1,False,False
A1,22,1,-1,-1,1,-1,8.19140625,0.203125,2.21484375,-1,False,False
A1,23,1,1,-1,-1,-1,8.515625,0.203125,2.21484375,1,False,False
A1,24,1,-1,1,-1,1,8.37890625,0.203125,2.21484375,-1,True,True
A1,25,1,-1,-1,1,-1,8.328125,0.203125,2.21484375,-1,True,True
A1,26,1,1,-1,-1,-1,8.51953125,0.203125,2.21484375,1,True,True
A1,27,1,1,1,-1,1,8.1875,0.203125,2.21875,1,True,False
A1,28,1,-1,1,1,1,8.45703125,0.203125,2.21484375,-1,True,True
A1,29,1,-1,-1,1,-1,8.15625,0.203125,2.21875,-1,True,True
A1,30,1,-1,-1,-1,-1,8.58203125,0.203125,2.21484375,-1,True,True
A1,31,1,-1,-1,-1,-1,8.265625,0.203125,2.21875,-1,True,True
A1,32,1,1,-1,-1,-1,8.22265625,0.203125,2.21484375,1,True,True
A1,33,1,1,1,-1,1,8.546875,0.203125,2.21875,1,True,True
A1,34,1,-1,1,1,1,8.41015625,0.203125,2.21484375,-1,True,True
A1,35,1,1,-1,1,-1,8.796875,0.203125,2.21484375,1,True,True
A1,36,1,-1,1,-1,1,8.26953125,0.203125,2.21484375,-1,True,False
A1,37,1,-1,-1,1,-1,8.359375,0.203125,2.21875,-1,True,True
A1,38,1,-1,-1,-1,-1,8.37890625,0.203125,2.21484375,-1,False,False
A1,39,1,-1,-1,-1,-1,8.3125,0.203125,2.21875,-1,False,False
A1,40,1,-1,-1,-1,-1,8.39453125,0.203125,2.21484375,-1,False,False
A1,41,2,-1,-1,-1,-1,8.203125,0.203125,2.21875,-1,False,False
A1,42,2,1,-1,-1,-1,8.20703125,0.203125,2.21875,1,False,False
A1,43,2,-1,1,-1,1,8.375,0.20703125,2.21875,-1,False,False
A1,44,2,1,-1,1,-1,8.51953125,0.203125,2.21484375,1,True,True
A1,45,2,-1,1,-1,1,8.265625,0.20703125,2.21875,-1,True,True
A1,46,2,-1,-1,1,-1,8.20703125,0.203125,2.21484375,-1,True,False
A1,47,2,-1,-1,-1,-1,8.34765625,0.203125,2.21484375,-1,True,True
A1,48,2,1,-1,-1,-1,8.546875,0.203125,2.21484375,1,True,True
A1,49,2,-1,1,-1,1,8.484375,0.20703125,2.21875,-1,True,True
A1,50,2,-1,-1,1,-1,8.33203125,0.203125,2.21484375,-1,True,True
A1,51,2,1,-1,-1,-1,8.23828125,0.203125,2.21484375,1,True,True
A1,52,2,1,1,-1,1,8.390625,0.203125,2.21875,1,True,True
A1,53,2,1,1,1,1,8.45703125,0.203125,2.21484375,1,True,True
A1,54,2,-1,1,1,1,8.265625,0.203125,2.21875,-1,True,True
A1,55,2,1,-1,1,-1,8.41015625,0.203125,2.21484375,1,True,True
A1,56,2,-1,1,-1,1,8.296875,0.203125,2.21875,-1,True,True
A1,57,2,-1,-1,1,-1,8.44140625,0.203125,2.21484375,-1,True,True
A1,58,2,1,-1,-1,-1,8.4375,0.203125,2.21484375,1,False,False
A1,59,2,1,1,-1,1,8.45703125,0.203125,2.21484375,1,False,False
A1,60,2,-1,1,1,1,8.390625,0.203125,2.21484375,-1,False,False
A1,61,3,1,-1,1,-1,8.44140625,0.203125,2.21484375,1,False,False
A1,62,3,-1,1,-1,1,9.0625,0.203125,2.21484375,-1,False,False
A1,63,3,1,-1,1,-1,8.328125,0.20703125,2.21875,1,False,False
A1,64,3,1,1,-1,1,8.41015625,0.203125,2.21484375,1,True,True
A1,65,3,-1,1,1,1,8.1875,0.20703125,2.21875,-1,True,True
A1,66,3,1,-1,1,-1,8.50390625,0.203125,2.21484375,1,True,True
A1,67,3,-1,1,-1,1,8.296875,0.20703125,2.21875,-1,True,True
A1,68,3,-1,-1,1,-1,8.42578125,0.203125,2.21484375,-1,True,True
A1,69,3,1,-1,-1,-1,8.265625,0.20703125,2.21875,1,True,True
A1,70,3,1,1,-1,1,8.39453125,0.203125,2.21484375,1,True,True
A1,71,3,-1,1,1,1,8.31640625,0.203125,2.21484375,-1,True,True
A1,72,3,1,-1,1,-1,8.3125,0.203125,2.21484375,1,True,True
A1,73,3,-1,1,-1,1,8.09765625,0.203125,2.21484375,-1,True,True
A1,74,3,1,-1,1,-1,8.453125,0.203125,2.21484375,1,True,True
A1,75,3,-1,1,-1,1,8.25390625,0.203125,2.21484375,-1,True,True
A1,76,3,1,-1,1,-1,8.3125,0.203125,2.21875,1,True,True
A1,77,3,-1,1,-1,1,8.20703125,0.203125,2.21484375,-1,True,False
A1,78,3,-1,-1,1,-1,8.359375,0.20703125,2.21875,-1,False,False
A1,79,3,-1,-1,-1,-1,8.30078125,0.203125,2.21875,-1,False,False
A1,80,3,-1,-1,-1,-1,8.36328125,0.203125,2.21484375,-1,False,False
A1,81,4,-1,-1,-1,-1,8.46875,0.203125,2.21484375,-1,False,False
A1,82,4,1,-1,-1,-1,8.390625,0.20703125,2.21875,1,False,False
A1,83,4,-1,1,-1,1,8.36328125,0.203125,2.21484375,-1,False,False
A1,84,4,1,-1,1,-1,8.19140625,0.203125,2.21484375,1,True,True
A1,85,4,-1,1,-1,1,8.265625,0.203125,2.21484375,-1,True,True
A1,86,4,1,-1,1,-1,8.26953125,0.203125,2.21484375,1,True,True
A1,87,4,1,1,-1,1,8.28125,0.203125,2.21875,1,True,True
A1,88,4,1,1,1,1,8.50390625,0.203125,2.21484375,1,True,False
A1,89,4,1,1,1,1,8.296875,0.203125,2.21875,1,True,True
A1,90,4,1,1,1,1,8.31640625,0.203125,2.21484375,1,True,True
A1,91,4,-1,1,1,1,8.25,0.20703125,2.21875,-1,True,True
A1,92,4,1,-1,1,-1,8.61328125,0.203125,2.21484375,1,True,True
A1,93,4,1,1,-1,1,8.203125,0.203125,2.21875,1,True,True
A1,94,4,1,1,1,1,8.53515625,0.203125,2.21484375,1,True,True
A1,95,4,-1,1,1,1,8.484375,0.203125,2.21875,-1,True,True
A1,96,4,1,-1,1,-1,8.48828125,0.203125,2.21484375,1,True,True
A1,97,4,1,1,-1,1,8.1875,0.203125,2.21875,1,True,True
A1,98,4,-1,1,1,1,8.14453125,0.203125,2.21484375,-1,True,True
A1,99,4,-1,-1,1,-1,8.40625,0.20703125,2.21875,-1,True,True
A1,100,4,1,-1,-1,-1,8.58203125,0.203125,2.21484375,1,False,False
A2,1,0,1,0,0,0,,0.203125,2.21875,-1,False,False
A2,2,0,-1,1,0,-1,8.92578125,0.203125,2.21484375,-1,True,True
A2,3,0,-1,-1,1,-1,9.21875,0.203125,2.21484375,-1,True,True
A2,4,0,-1,-1,-1,-1,8.734375,0.203125,2.21484375,-1,True,True
A2,5,0,1,-1,-1,-1,8.75390625,0.203125,2.21484375,-1,True,True
A2,6,0,-1,1,-1,-1,8.6875,0.203125,2.21484375,1,True,True
A2,7,0,1,-1,1,1,8.578125,0.203125,2.21875,-1,True,True
A2,8,0,1,1,-1,-1,8.55078125,0.203125,2.21484375,-1,True,True
A2,9,0,-1,1,1,-1,8.5625,0.203125,2.21875,1,True,True
A2,10,0,-1,-1,1,1,8.91015625,0.203125,2.21484375,-1,True,True
A2,11,0,1,-1,-1,-1,8.578125,0.203125,2.21484375,1,True,True
A2,12,0,1,1,-1,1,8.703125,0.20703125,2.21875,-1,True,True
A2,13,0,1,1,1,-1,8.62890625,0.203125,2.21484375,-1,True,True
A2,14,0,-1,1,1,-1,8.578125,0.203125,2.21875,-1,True,True
A2,15,0,-1,-1,1,-1,8.78515625,0.203125,2.21484375,1,True,True
A2,16,0,-1,-1,-1,1,8.921875,0.203125,2.21875,1,True,True
A2,17,0,1,-1,-1,1,8.765625,0.20703125,2.21875,-1,True,True
A2,18,0,1,1,-1,-1,8.67578125,0.203125,2.21484375,1,False,False
A2,19,0,-1,1,1,1,8.8125,0.203125,2.21875,1,False,False
A2,20,0,-1,-1,1,1,8.48828125,0.203125,2.21484375,1,False,False
A2,21,1,1,-1,-1,1,8.703125,0.203125,2.21484375,-1,False,False
A2,22,1,-1,1,-1,-1,8.53125,0.20703125,2.21875,-1,False,False
A2,23,1,1,-1,1,-1,8.67578125,0.203125,2.21484375,1,False,False
A2,24,1,1,1,-1,1,8.5625,0.203125,2.21875,-1,True,True
A2,25,1,-1,1,1,-1,8.64453125,0.203125,2.21484375,1,True,True
A2,26,1,-1,-1,1,1,8.453125,0.203125,2.21875,1,True,True
A2,27,1,1,-1,-1,1,8.50390625,0.203125,2.21484375,1,True,True
A2,28,1,1,1,-1,1,8.62890625,0.203125,2.21484375,1,True,True
A2,29,1,1,1,1,1,8.6875,0.203125,2.21484375,1,True,True
A2,30,1,-1,1,1,1,8.90625,0.203125,2.21484375,-1,True,False
A2,31,1,-1,-1,1,-1,8.8125,0.203125,2.21875,1,True,True
A2,32,1,-1,-1,-1,1,8.47265625,0.203125,2.21484375,1,True,True
A2,33,1,1,-1,-1,1,8.40625,0.203125,2.21875,1,True,False
A2,34,1,-1,1,-1,1,8.56640625,0.203125,2.21484375,-1,True,True
A2,35,1,-1,-1,1,-1,8.734375,0.203125,2.21484375,-1,True,True
A2,36,1,1,-1,-1,-1,8.6875,0.20703125,2.21875,1,True,True
A2,37,1,1,1,-1,1,8.42578125,0.203125,2.21484375,1,True,True
A2,38,1,-1,1,1,1,8.59375,0.20703125,2.21875,1,False,False
A2,39,1,1,-1,1,1,8.66015625,0.203125,2.21875,1,False,False
A2,40,1,-1,1,-1,1,8.859375,0.20703125,2.21875,1,False,False
A2,41,2,-1,-1,1,1,8.51953125,0.203125,2.21484375,-1,False,False
A2,42,2,-1,-1,-1,-1,8.765625,0.20703125,2.21875,-1,False,False
A2,43,2,-1,-1,-1,-1,8.56640625,0.203125,2.21484375,-1,False,False
A2,44,2,-1,-1,-1,-1,8.578125,0.203125,2.21875,1,True,True
A2,45,2,-1,-1,-1,1,8.875,0.20703125,2.21875,1,True,False
A2,46,2,-1,-1,-1,1,8.44140625,0.203125,2.21875,-1,True,True
A2,47,2,-1,-1,-1,-1,8.58203125,0.203125,2.21484375,1,True,True
A2,48,2,-1,-1,-1,1,8.453125,0.203125,2.21875,-1,True,True
A2,49,2,1,-1,-1,-1,8.734375,0.20703125,2.21875,-1,True,True
A2,50,2,1,1,-1,-1,8.73828125,0.203125,2.21875,-1,True,True
A2,51,2,-1,1,1,-1,8.72265625,0.203125,2.21484375,1,True,True
A2,52,2,1,-1,1,1,8.6875,0.203125,2.21484375,1,True,True
A2,53,2,1,1,-1,1,8.390625,0.203125,2.21875,-1,True,True
A2,54,2,-1,1,1,-1,8.67578125,0.203125,2.21484375,1,True,True
A2,55,2,-1,-1,1,1,8.640625,0.203125,2.21875,1,True,True
A2,56,2,1,-1,-1,1,8.51953125,0.203125,2.21484375,1,True,True
A2,57,2,1,1,-1,1,8.671875,0.203125,2.21875,-1,True,True
A2,58,2,1,1,1,-1,8.69140625,0.203125,2.21484375,1,False,False
A2,59,2,1,1,1,1,8.734375,0.203125,2.21875,-1,False,False
A2,60,2,1,1,1,-1,8.703125,0.20703125,2.21875,-1,False,False
A2,61,3,-1,1,1,-1,8.73828125,0.203125,2.21484375,1,False,False
A2,62,3,1,-1,1,1,8.75,0.203125,2.21875,-1,False,False
A2,63,3,-1,1,-1,-1,8.53515625,0.203125,2.21484375,1,False,False
A2,64,3,-1,-1,1,1,8.59375,0.203125,2.21875,-1,True,True
A2,65,3,1,-1,-1,-1,8.58203125,0.203125,2.21484375,1,True,True
A2,66,3,-1,1,-1,1,8.5,0.203125,2.21875,-1,True,True
A2,67,3,1,-1,1,-1,8.53515625,0.203125,2.21484375,1,True,True
A2,68,3,1,1,-1,1,8.5,0.203125,2.21484375,-1,True,True
A2,69,3,-1,1,1,-1,8.75,0.20703125,2.21875,-1,True,True
A2,70,3,-1,-1,1,-1,8.78515625,0.203125,2.21484375,-1,True,True
A2,71,3,1,-1,-1,-1,8.5625,0.203125,2.21875,-1,True,True
A2,72,3,1,1,-1,-1,8.47265625,0.203125,2.21484375,-1,True,True
A2,73,3,1,1,1,-1,8.390625,0.203125,2.21484375,1,True,True
A2,74,3,1,1,1,1,8.70703125,0.203125,2.21484375,-1,True,True
A2,75,3,-1,1,1,-1,8.65625,0.203125,2.21484375,1,True,True
A2,76,3,-1,-1,1,1,8.515625,0.20703125,2.21875,-1,True,True
A2,77,3,-1,-1,-1,-1,8.81640625,0.203125,2.21484375,1,True,True
A2,78,3,1,-1,-1,1,8.5,0.203125,2.21875,1,False,False
A2,79,3,-1,1,-1,1,8.84765625,0.203125,2.21484375,1,False,False
A2,80,3,1,-1,1,1,8.453125,0.203125,2.21484375,-1,False,False
A2,81,4,-1,1,-1,-1,8.78125,0.20703125,2.21875,1,False,False
A2,82,4,1,-1,1,1,8.58203125,0.203125,2.21484375,-1,False,False
A2,83,4,1,1,-1,-1,8.703125,0.20703125,2.21875,1,False,False
A2,84,4,-1,1,1,1,8.61328125,0.203125,2.21484375,1,True,True
A2,85,4,1,-1,1,1,8.53125,0.203125,2.21875,1,True,True
A2,86,4,-1,1,-1,1,8.64453125,0.203125,2.21484375,-1,True,False
A2,87,4,-1,-1,1,-1,8.390625,0.203125,2.21875,-1,True,True
A2,88,4,1,-1,-1,-1,8.59765625,0.203125,2.21484375,1,True,True
A2,89,4,-1,1,-1,1,8.328125,0.203125,2.21875,1,True,True
A2,90,4,-1,-1,1,1,8.58203125,0.203125,2.21484375,-1,True,True
A2,91,4,-1,-1,-1,-1,9.0,0.203125,2.21484375,1,True,True
A2,92,4,-1,-1,-1,1,8.578125,0.20703125,2.21875,-1,True,True
A2,93,4,1,-1,-1,-1,8.78515625,0.203125,2.21484375,1,True,True
A2,94,4,-1,1,-1,1,8.5,0.203125,2.21875,1,True,True
A2,95,4,-1,-1,1,1,8.69140625,0.203125,2.21484375,1,True,True
A2,96,4,-1,-1,-1,1,8.5,0.203125,2.21875,1,True,True
A2,97,4,-1,-1,-1,1,8.62890625,0.203125,2.21484375,-1,True,True
A2,98,4,-1,-1,-1,-1,8.515625,0.203125,2.21484375,-1,True,True
A2,99,4,-1,-1,-1,-1,8.55078125,0.203125,2.21484375,1,True,True
A2,100,4,-1,-1,-1,1,8.5625,0.203125,2.21484375,-1,False,False
B1,1,0,-1,0,0,0,,0.20703125,2.234375,-1,False,False
B1,2,0,-1,-1,0,-1,9.109375,0.20703125,2.21875,-1,True,True
B1,3,0,1,-1,-1,-1,8.44140625,0.203125,2.21484375,1,True,True
B1,4,0,-1,1,-1,1,8.31640625,0.203125,2.21484375,-1,True,True
B1,5,0,1,-1,1,-1,8.25,0.203125,2.21484375,1,True,True
B1,6,0,1,1,-1,1,8.44140625,0.203125,2.21484375,1,True,True
B1,7,0,1,1,1,1,8.53125,0.203125,2.21484375,1,True,True
B1,8,0,-1,1,1,1,8.37890625,0.203125,2.21484375,-1,True,True
B1,9,0,-1,-1,1,-1,8.203125,0.203125,2.21875,-1,True,True
B1,10,0,-1,-1,-1,-1,9.0,0.20703125,2.21875,-1,True,True
B1,11,0,1,-1,-1,-1,8.51953125,0.203125,2.21484375,1,True,True
B1,12,0,-1,1,-1,1,8.359375,0.20703125,2.21875,-1,True,True
B1,13,0,1,-1,1,-1,8.33203125,0.203125,2.21875,1,True,True
B1,14,0,1,1,-1,1,8.296875,0.20703125,2.21875,1,True,False
B1,15,0,-1,1,1,1,8.56640625,0.203125,2.21484375,-1,True,True
B1,16,0,1,-1,1,-1,8.25390625,0.203125,2.21484375,1,True,True
B1,17,0,-1,1,-1,1,8.328125,0.203125,2.21484375,-1,True,True
B1,18,0,-1,-1,1,-1,8.20703125,0.203125,2.21484375,-1,False,False
B1,19,0,1,-1,-1,-1,8.421875,0.203125,2.21875,1,False,False
B1,20,0,-1,1,-1,1,8.25390625,0.203125,2.21484375,-1,False,False
B1,21,1,1,-1,1,-1,8.34375,0.203125,2.21875,1,False,False
B1,22,1,1,1,-1,1,8.42578125,0.203125,2.21484375,1,False,False
B1,23,1,1,1,1,1,8.421875,0.203125,2.21875,1,False,False
B1,24,1,1,1,1,1,8.37890625,0.203125,2.21484375,1,True,True
B1,25,1,1,1,1,1,8.28125,0.20703125,2.21875,1,True,True
B1,26,1,1,1,1,1,8.17578125,0.203125,2.21875,1,True,True
B1,27,1,1,1,1,1,8.19140625,0.203125,2.21484375,1,True,True
B1,28,1,1,1,1,1,8.21875,0.203125,2.21875,1,True,True
B1,29,1,1,1,1,1,8.55078125,0.203125,2.21484375,1,True,True
B1,30,1,-1,1,1,1,8.296875,0.203125,2.21875,-1,True,True
B1,31,1,1,-1,1,-1,8.61328125,0.203125,2.21484375,1,True,True
B1,32,1,-1,1,-1,1,8.3125,0.203125,2.21484375,-1,True,True
B1,33,1,-1,-1,1,-1,8.09765625,0.203125,2.21484375,-1,True,True
B1,34,1,1,-1,-1,-1,8.359375,0.203125,2.21875,1,True,True
B1,35,1,-1,1,-1,1,8.41015625,0.203125,2.21484375,-1,True,True
B1,36,1,-1,-1,1,-1,8.40625,0.203125,2.21875,-1,True,False
B1,37,1,-1,-1,-1,-1,8.16015625,0.203125,2.21484375,-1,True,True
B1,38,1,-1,-1,-1,-1,8.671875,0.20703125,2.21875,-1,False,False
B1,39,1,1,-1,-1,-1,8.36328125,0.203125,2.21484375,1,False,False
B1,40,1,1,1,-1,1,8.34375,0.20703125,2.21875,1,False,False
B1,41,2,-1,1,1,1,8.45703125,0.203125,2.21484375,-1,False,False
B1,42,2,1,-1,1,-1,8.203125,0.20703125,2.21875,1,False,False
B1,43,2,1,1,-1,1,8.39453125,0.203125,2.21875,1,False,False
B1,44,2,1,1,1,1,8.26953125,0.203125,2.21484375,1,True,True
B1,45,2,1,1,1,1,8.78125,0.203125,2.21875,1,True,True
B1,46,2,-1,1,1,1,8.95703125,0.203125,2.21484375,-1,True,True
B1,47,2,-1,-1,1,-1,8.59375,0.203125,2.21484375,-1,True,True
B1,48,2,1,-1,-1,-1,8.1875,0.20703125,2.21875,1,True,True
B1,49,2,1,1,-1,1,8.20703125,0.203125,2.21484375,-1,True,True
B1,50,2,-1,1,1,-1,8.48828125,0.203125,2.21484375,-1,True,True
B1,51,2,1,-1,1,-1,8.15625,0.203125,2.21875,1,True,True
B1,52,2,-1,1,-1,1,8.20703125,0.203125,2.21484375,-1,True,True
B1,53,2,1,-1,1,-1,8.359375,0.203125,2.21875,1,True,True
B1,54,2,-1,1,-1,1,8.12890625,0.203125,2.21484375,-1,True,False
B1,55,2,1,-1,1,-1,8.16015625,0.203125,2.21484375,1,True,True
B1,56,2,-1,1,-1,1,8.375,0.203125,2.21484375,-1,True,True
B1,57,2,1,-1,1,-1,8.17578125,0.203125,2.21484375,1,True,True
B1,58,2,1,1,-1,1,8.234375,0.203125,2.21875,1,False,False
B1,59,2,1,1,1,1,8.25390625,0.203125,2.21484375,1,False,False
B1,60,2,1,1,1,1,8.40625,0.203125,2.21875,1,False,False
B1,61,3,-1,1,1,1,8.33203125,0.203125,2.21484375,-1,False,False
B1,62,3,-1,-1,1,-1,8.6875,0.20703125,2.21875,-1,False,False
B1,63,3,1,-1,-1,-1,8.44140625,0.203125,2.21484375,1,False,False
B1,64,3,-1,1,-1,1,8.359375,0.20703125,2.21875,-1,True,True
B1,65,3,-1,-1,1,-1,8.25390625,0.203125,2.21484375,-1,True,True
B1,66,3,-1,-1,-1,-1,8.421875,0.20703125,2.21875,-1,True,True
B1,67,3,1,-1,-1,-1,8.11328125,0.203125,2.21484375,1,True,True
B1,68,3,1,1,-1,1,8.17578125,0.203125,2.21484375,1,True,True
B1,69,3,-1,1,1,1,8.53125,0.203125,2.21484375,-1,True,True
B1,70,3,-1,-1,1,-1,8.28515625,0.203125,2.21484375,-1,True,True
B1,71,3,1,-1,-1,-1,8.28125,0.203125,2.21875,1,True,True
B1,72,3,1,1,-1,1,8.17578125,0.203125,2.21484375,1,True,True
B1,73,3,-1,1,1,1,8.203125,0.20703125,2.21875,-1,True,True
B1,74,3,-1,-1,1,-1,8.28515625,0.203125,2.21484375,-1,True,True
B1,75,3,1,-1,-1,-1,8.45703125,0.203125,2.21484375,1,True,True
B1,76,3,-1,1,-1,1,8.34375,0.203125,2.21484375,-1,True,True
B1,77,3,-1,-1,1,-1,8.46875,0.20703125,2.21875,-1,True,True
B1,78,3,-1,-1,-1,-1,8.42578125,0.203125,2.21484375,-1,False,False
B1,79,3,1,-1,-1,-1,8.359375,0.20703125,2.21875,1,False,False
B1,80,3,-1,1,-1,1,8.34765625,0.203125,2.21484375,-1,False,False
B1,81,4,-1,-1,1,-1,8.26953125,0.203125,2.21484375,-1,False,False
B1,82,4,1,-1,-1,-1,8.484375,0.203125,2.21875,1,False,False
B1,83,4,-1,1,-1,1,8.36328125,0.203125,2.21484375,-1,False,False
B1,84,4,-1,-1,1,-1,8.5,0.203125,2.21875,-1,True,True
B1,85,4,1,-1,-1,-1,8.20703125,0.203125,2.21484375,1,True,True
B1,86,4,-1,1,-1,1,8.375,0.203125,2.21875,-1,True,True
B1,87,4,-1,-1,1,-1,8.20703125,0.203125,2.21484375,1,True,True
B1,88,4,1,-1,-1,1,8.78125,0.203125,2.21484375,1,True,False
B1,89,4,-1,1,-1,1,8.44140625,0.203125,2.21484375,-1,True,True
B1,90,4,-1,-1,1,-1,8.1875,0.203125,2.21875,-1,True,True
B1,91,4,1,-1,-1,-1,8.37890625,0.203125,2.21484375,1,True,True
B1,92,4,1,1,-1,1,8.265625,0.20703125,2.21875,1,True,False
B1,93,4,-1,1,1,1,8.30078125,0.203125,2.21484375,-1,True,True
B1,94,4,1,-1,1,-1,8.234375,0.20703125,2.21875,1,True,True
B1,95,4,-1,1,-1,1,8.31640625,0.203125,2.21484375,-1,True,True
B1,96,4,1,-1,1,-1,8.05078125,0.203125,2.21484375,1,True,True
B1,97,4,-1,1,-1,1,8.1875,0.203125,2.21875,-1,True,True
B1,98,4,1,-1,1,-1,8.41015625,0.203125,2.21484375,1,True,True
B1,99,4,1,1,-1,1,8.421875,0.203125,2.21875,1,True,True
B1,100,4,1,1,1,1,8.20703125,0.203125,2.21484375,1,False,False
B2,1,0,-1,0,0,0,,0.20703125,2.21875,1,False,False
B2,2,0,-1,-1,0,1,8.64453125,0.203125,2.21484375,-1,True,True
B2,3,0,-1,-1,-1,-1,8.84375,0.203125,2.21875,-1,True,True
B2,4,0,1,-1,-1,-1,8.828125,0.20703125,2.21875,1,True,True
B2,5,0,-1,1,-1,1,8.30078125,0.203125,2.21875,-1,True,True
B2,6,0,1,-1,1,-1,8.45703125,0.203125,2.21484375,-1,True,True
B2,7,0,1,1,-1,-1,8.4375,0.203125,2.21875,1,True,True
B2,8,0,1,1,1,1,8.50390625,0.203125,2.21484375,1,True,True
B2,9,0,1,1,1,1,8.328125,0.203125,2.21484375,1,True,True
B2,10,0,-1,1,1,1,8.31640625,0.203125,2.21484375,1,True,True
B2,11,0,1,-1,1,1,8.46875,0.203125,2.21484375,1,True,True
B2,12,0,1,1,-1,1,8.609375,0.20703125,2.21875,-1,True,True
B2,13,0,1,1,1,-1,8.75390625,0.203125,2.21484375,1,True,True
B2,14,0,1,1,1,1,8.609375,0.20703125,2.21875,-1,True,False
B2,15,0,1,1,1,-1,8.72265625,0.203125,2.21484375,-1,True,True
B2,16,0,1,1,1,-1,8.6875,0.203125,2.21875,1,True,False
B2,17,0,-1,1,1,1,8.45703125,0.203125,2.21484375,-1,True,True
B2,18,0,1,-1,1,-1,8.515625,0.203125,2.21875,-1,False,False
B2,19,0,1,1,-1,-1,8.69140625,0.203125,2.21484375,1,False,False
B2,20,0,-1,1,1,1,8.625,0.203125,2.21484375,1,False,False
B2,21,1,1,-1,1,1,8.5625,0.20703125,2.21875,1,False,False
B2,22,1,1,1,-1,1,8.34765625,0.203125,2.21484375,-1,False,False
B2,23,1,-1,1,1,-1,8.59375,0.20703125,2.21875,-1,False,False
B2,24,1,-1,-1,1,-1,8.41015625,0.203125,2.21484375,1,True,True
B2,25,1,-1,-1,-1,1,8.59375,0.203125,2.21875,-1,True,True
B2,26,1,1,-1,-1,-1,8.53515625,0.203125,2.21484375,1,True,True
B2,27,1,-1,1,-1,1,8.5625,0.203125,2.21875,1,True,True
B2,28,1,-1,-1,1,1,8.69140625,0.203125,2.21484375,1,True,True
B2,29,1,-1,-1,-1,1,8.40625,0.203125,2.21875,-1,True,True
B2,30,1,1,-1,-1,-1,8.53515625,0.203125,2.21484375,-1,True,True
B2,31,1,1,1,-1,-1,8.640625,0.203125,2.21875,1,True,True
B2,32,1,1,1,1,1,8.59765625,0.203125,2.21484375,1,True,True
B2,33,1,1,1,1,1,8.375,0.203125,2.21875,-1,True,True
B2,34,1,1,1,1,-1,8.515625,0.20703125,2.21875,-1,True,True
B2,35,1,-1,1,1,-1,8.58203125,0.203125,2.21875,1,True,True
B2,36,1,1,-1,1,1,8.66015625,0.203125,2.21484375,1,True,True
B2,37,1,-1,1,-1,1,8.5,0.203125,2.21875,-1,True,True
B2,38,1,-1,-1,1,-1,8.625,0.20703125,2.21875,1,False,False
B2,39,1,1,-1,-1,1,8.76953125,0.203125,2.21484375,-1,False,False
B2,40,1,1,1,-1,-1,8.703125,0.203125,2.21875,-1,False,False
B2,41,2,1,1,1,-1,8.50390625,0.203125,2.21484375,1,False,False
B2,42,2,-1,1,1,1,8.4375,0.203125,2.21875,-1,False,False
B2,43,2,-1,-1,1,-1,8.45703125,0.203125,2.21484375,-1,False,False
B2,44,2,1,-1,-1,-1,8.28125,0.203125,2.21875,-1,True,True
B2,45,2,-1,1,-1,-1,8.734375,0.20703125,2.21875,1,True,True
B2,46,2,-1,-1,1,1,8.50390625,0.203125,2.21484375,1,True,True
B2,47,2,1,-1,-1,1,8.421875,0.20703125,2.21875,-1,True,True
B2,48,2,-1,1,-1,-1,8.62890625,0.203125,2.21484375,-1,True,True
B2,49,2,1,-1,1,-1,8.80078125,0.203125,2.21484375,1,True,True
B2,50,2,-1,1,-1,1,8.5625,0.203125,2.21875,-1,True,False
B2,51,2,-1,-1,1,-1,8.609375,0.20703125,2.21875,1,True,True
B2,52,2,-1,-1,-1,1,8.62890625,0.203125,2.21484375,-1,True,True
B2,53,2,1,-1,-1,-1,8.59375,0.20703125,2.21875,1,True,True
B2,54,2,1,1,-1,1,8.39453125,0.203125,2.21484375,-1,True,False
B2,55,2,1,1,1,-1,8.71875,0.203125,2.21875,1,True,True
B2,56,2,-1,1,1,1,8.33203125,0.203125,2.21484375,1,True,True
B2,57,2,-1,-1,1,1,8.421875,0.20703125,2.21875,1,True,False
B2,58,2,-1,-1,-1,1,8.48828125,0.203125,2.21484375,1,False,False
B2,59,2,-1,-1,-1,1,8.546875,0.203125,2.21875,1,False,False
B2,60,2,-1,-1,-1,1,8.55078125,0.203125,2.21875,1,False,False
B2,61,3,-1,-1,-1,1,8.484375,0.203125,2.21875,1,False,False
B2,62,3,1,-1,-1,1,8.39453125,0.203125,2.21484375,-1,False,False
B2,63,3,-1,1,-1,-1,8.75,0.203125,2.21484375,-1,False,False
B2,64,3,-1,-1,1,-1,8.78125,0.20703125,2.21875,-1,True,True
B2,65,3,1,-1,-1,-1,8.45703125,0.203125,2.21484375,-1,True,True
B2,66,3,1,1,-1,-1,8.4375,0.20703125,2.21875,1,True,True
B2,67,3,1,1,1,1,8.59765625,0.203125,2.21484375,-1,True,True
B2,68,3,1,1,1,-1,8.484375,0.20703125,2.21875,-1,True,True
B2,69,3,-1,1,1,-1,8.64453125,0.203125,2.21484375,1,True,True
B2,70,3,-1,-1,1,1,8.578125,0.203125,2.21875,1,True,True
B2,71,3,1,-1,-1,1,8.39453125,0.203125,2.21875,1,True,True
B2,72,3,1,1,-1,1,8.71875,0.20703125,2.21875,1,True,True
B2,73,3,1,1,1,1,8.42578125,0.203125,2.21484375,1,True,True
B2,74,3,-1,1,1,1,8.5625,0.20703125,2.21875,1,True,True
B2,75,3,-1,-1,1,1,8.58203125,0.20703125,2.21875,1,True,True
B2,76,3,1,-1,-1,1,8.73828125,0.203125,2.21484375,-1,True,True
B2,77,3,1,1,-1,-1,8.859375,0.20703125,2.21875,-1,True,True
B2,78,3,-1,1,1,-1,8.34765625,0.203125,2.21484375,-1,False,False
B2,79,3,-1,-1,1,-1,8.640625,0.20703125,2.21875,1,False,False
B2,80,3,-1,-1,-1,1,9.06640625,0.203125,2.21484375,1,False,False
B2,81,4,1,-1,-1,1,8.625,0.203125,2.21484375,-1,False,False
B2,82,4,-1,1,-1,-1,8.50390625,0.203125,2.21484375,-1,False,False
B2,83,4,1,-1,1,-1,8.609375,0.203125,2.21484375,-1,False,False
B2,84,4,-1,1,-1,-1,8.59375,0.203125,2.21875,-1,True,True
B2,85,4,-1,-1,1,-1,8.64453125,0.203125,2.21484375,1,True,True
B2,86,4,1,-1,-1,1,8.796875,0.203125,2.21875,1,True,True
B2,87,4,-1,1,-1,1,8.53515625,0.203125,2.21484375,1,True,True
B2,88,4,1,-1,1,1,8.40625,0.203125,2.21875,1,True,True
B2,89,4,-1,1,-1,1,8.42578125,0.203125,2.21484375,-1,True,True
B2,90,4,1,-1,1,-1,8.515625,0.203125,2.21875,1,True,True
B2,91,4,-1,1,-1,1,8.51953125,0.203125,2.21484375,1,True,True
B2,92,4,-1,-1,1,1,8.390625,0.203125,2.21875,-1,True,True
B2,93,4,1,-1,-1,-1,8.69140625,0.203125,2.21484375,1,True,True
B2,94,4,-1,1,-1,1,8.375,0.20703125,2.21875,1,True,True
B2,95,4,1,-1,1,1,8.81640625,0.203125,2.21484375,1,True,True
B2,96,4,1,1,-1,1,8.375,0.203125,2.21875,-1,True,True
B2,97,4,-1,1,1,-1,8.9375,0.20703125,2.21875,-1,True,True
B2,98,4,-1,-1,1,-1,8.94140625,0.203125,2.21875,-1,True,True
B2,99,4,1,-1,-1,-1,8.625,0.203125,2.21875,-1,True,True
B2,100,4,-1,1,-1,-1,8.50390625,0.203125,2.21484375,1,False,False
